institution_id,year,disease_id,disease_count
INST001,2015,D001,618
INST001,2015,D002,471
INST001,2015,D003,357
INST001,2015,D004,182
INST001,2015,D005,330
INST001,2015,D006,181
INST001,2015,D007,329
INST001,2015,D008,209
INST001,2015,D009,120
INST001,2015,D010,149
INST001,2015,D011,66
INST001,2015,D012,239
INST001,2015,D013,129
INST001,2015,D014,235
INST001,2015,D015,332
INST001,2015,D016,422
INST001,2015,D017,229
INST001,2015,D018,218
INST001,2015,D019,320
INST001,2015,D020,330
INST001,2015,D021,101
INST001,2015,D022,117
INST001,2015,D023,241
INST001,2015,D024,63
INST001,2015,D025,56
INST001,2015,D026,45
INST001,2015,D027,116
INST001,2015,D028,113
INST001,2015,D029,76
INST001,2015,D030,81
INST001,2015,D031,69
INST001,2015,D032,113
INST001,2015,D033,129
INST001,2015,D034,62
INST001,2015,D035,61
INST001,2015,D036,42
INST001,2015,D037,98
INST001,2015,D038,245
INST001,2015,D039,110
INST001,2015,D040,100
INST001,2015,D041,72
INST001,2015,D042,155
INST001,2015,D043,67
INST001,2015,D044,91
INST001,2015,D045,57
INST001,2015,D046,123
INST001,2015,D047,272
INST001,2015,D048,102
INST001,2015,D049,38
INST001,2015,D050,30
INST001,2016,D001,809
INST001,2016,D002,569
INST001,2016,D003,345
INST001,2016,D004,149
INST001,2016,D005,315
INST001,2016,D006,190
INST001,2016,D007,327
INST001,2016,D008,312
INST001,2016,D009,145
INST001,2016,D010,154
INST001,2016,D011,88
INST001,2016,D012,313
INST001,2016,D013,137
INST001,2016,D014,208
INST001,2016,D015,307
INST001,2016,D016,382
INST001,2016,D017,187
INST001,2016,D018,243
INST001,2016,D019,340
INST001,2016,D020,356
INST001,2016,D021,102
INST001,2016,D022,146
INST001,2016,D023,197
INST001,2016,D024,80
INST001,2016,D025,67
INST001,2016,D026,49
INST001,2016,D027,92
INST001,2016,D028,112
INST001,2016,D029,62
INST001,2016,D030,78
INST001,2016,D031,79
INST001,2016,D032,92
INST001,2016,D033,122
INST001,2016,D034,74
INST001,2016,D035,55
INST001,2016,D036,34
INST001,2016,D037,71
INST001,2016,D038,203
INST001,2016,D039,108
INST001,2016,D040,138
INST001,2016,D041,80
INST001,2016,D042,142
INST001,2016,D043,78
INST001,2016,D044,123
INST001,2016,D045,69
INST001,2016,D046,163
INST001,2016,D047,299
INST001,2016,D048,88
INST001,2016,D049,44
INST001,2016,D050,36
INST001,2017,D001,637
INST001,2017,D002,579
INST001,2017,D003,285
INST001,2017,D004,171
INST001,2017,D005,289
INST001,2017,D006,265
INST001,2017,D007,404
INST001,2017,D008,242
INST001,2017,D009,140
INST001,2017,D010,134
INST001,2017,D011,98
INST001,2017,D012,323
INST001,2017,D013,116
INST001,2017,D014,252
INST001,2017,D015,403
INST001,2017,D016,363
INST001,2017,D017,233
INST001,2017,D018,285
INST001,2017,D019,328
INST001,2017,D020,320
INST001,2017,D021,90
INST001,2017,D022,130
INST001,2017,D023,170
INST001,2017,D024,82
INST001,2017,D025,81
INST001,2017,D026,63
INST001,2017,D027,97
INST001,2017,D028,92
INST001,2017,D029,80
INST001,2017,D030,91
INST001,2017,D031,58
INST001,2017,D032,97
INST001,2017,D033,116
INST001,2017,D034,69
INST001,2017,D035,62
INST001,2017,D036,35
INST001,2017,D037,87
INST001,2017,D038,251
INST001,2017,D039,95
INST001,2017,D040,145
INST001,2017,D041,81
INST001,2017,D042,155
INST001,2017,D043,85
INST001,2017,D044,115
INST001,2017,D045,61
INST001,2017,D046,130
INST001,2017,D047,320
INST001,2017,D048,119
INST001,2017,D049,41
INST001,2017,D050,35
INST001,2018,D001,623
INST001,2018,D002,511
INST001,2018,D003,348
INST001,2018,D004,156
INST001,2018,D005,261
INST001,2018,D006,185
INST001,2018,D007,368
INST001,2018,D008,237
INST001,2018,D009,162
INST001,2018,D010,176
INST001,2018,D011,69
INST001,2018,D012,250
INST001,2018,D013,134
INST001,2018,D014,211
INST001,2018,D015,328
INST001,2018,D016,493
INST001,2018,D017,216
INST001,2018,D018,277
INST001,2018,D019,327
INST001,2018,D020,354
INST001,2018,D021,98
INST001,2018,D022,117
INST001,2018,D023,204
INST001,2018,D024,67
INST001,2018,D025,69
INST001,2018,D026,61
INST001,2018,D027,112
INST001,2018,D028,133
INST001,2018,D029,58
INST001,2018,D030,74
INST001,2018,D031,65
INST001,2018,D032,112
INST001,2018,D033,126
INST001,2018,D034,55
INST001,2018,D035,54
INST001,2018,D036,40
INST001,2018,D037,80
INST001,2018,D038,220
INST001,2018,D039,122
INST001,2018,D040,123
INST001,2018,D041,96
INST001,2018,D042,178
INST001,2018,D043,68
INST001,2018,D044,126
INST001,2018,D045,79
INST001,2018,D046,166
INST001,2018,D047,311
INST001,2018,D048,127
INST001,2018,D049,36
INST001,2018,D050,34
INST001,2019,D001,683
INST001,2019,D002,457
INST001,2019,D003,325
INST001,2019,D004,212
INST001,2019,D005,270
INST001,2019,D006,253
INST001,2019,D007,349
INST001,2019,D008,262
INST001,2019,D009,168
INST001,2019,D010,187
INST001,2019,D011,87
INST001,2019,D012,309
INST001,2019,D013,110
INST001,2019,D014,222
INST001,2019,D015,464
INST001,2019,D016,440
INST001,2019,D017,217
INST001,2019,D018,312
INST001,2019,D019,246
INST001,2019,D020,331
INST001,2019,D021,114
INST001,2019,D022,162
INST001,2019,D023,184
INST001,2019,D024,84
INST001,2019,D025,59
INST001,2019,D026,49
INST001,2019,D027,110
INST001,2019,D028,121
INST001,2019,D029,63
INST001,2019,D030,66
INST001,2019,D031,82
INST001,2019,D032,89
INST001,2019,D033,147
INST001,2019,D034,67
INST001,2019,D035,55
INST001,2019,D036,44
INST001,2019,D037,90
INST001,2019,D038,292
INST001,2019,D039,94
INST001,2019,D040,139
INST001,2019,D041,76
INST001,2019,D042,170
INST001,2019,D043,91
INST001,2019,D044,98
INST001,2019,D045,65
INST001,2019,D046,156
INST001,2019,D047,224
INST001,2019,D048,111
INST001,2019,D049,51
INST001,2019,D050,42
INST001,2020,D001,629
INST001,2020,D002,502
INST001,2020,D003,400
INST001,2020,D004,205
INST001,2020,D005,344
INST001,2020,D006,215
INST001,2020,D007,307
INST001,2020,D008,306
INST001,2020,D009,153
INST001,2020,D010,163
INST001,2020,D011,102
INST001,2020,D012,302
INST001,2020,D013,102
INST001,2020,D014,272
INST001,2020,D015,359
INST001,2020,D016,454
INST001,2020,D017,250
INST001,2020,D018,243
INST001,2020,D019,252
INST001,2020,D020,269
INST001,2020,D021,116
INST001,2020,D022,129
INST001,2020,D023,222
INST001,2020,D024,77
INST001,2020,D025,62
INST001,2020,D026,59
INST001,2020,D027,96
INST001,2020,D028,113
INST001,2020,D029,82
INST001,2020,D030,89
INST001,2020,D031,59
INST001,2020,D032,96
INST001,2020,D033,129
INST001,2020,D034,51
INST001,2020,D035,63
INST001,2020,D036,45
INST001,2020,D037,1261
INST001,2020,D038,273
INST001,2020,D039,108
INST001,2020,D040,124
INST001,2020,D041,68
INST001,2020,D042,147
INST001,2020,D043,98
INST001,2020,D044,123
INST001,2020,D045,72
INST001,2020,D046,161
INST001,2020,D047,279
INST001,2020,D048,97
INST001,2020,D049,36
INST001,2020,D050,32
INST001,2021,D001,867
INST001,2021,D002,691
INST001,2021,D003,431
INST001,2021,D004,171
INST001,2021,D005,292
INST001,2021,D006,208
INST001,2021,D007,431
INST001,2021,D008,339
INST001,2021,D009,149
INST001,2021,D010,178
INST001,2021,D011,80
INST001,2021,D012,363
INST001,2021,D013,159
INST001,2021,D014,313
INST001,2021,D015,479
INST001,2021,D016,536
INST001,2021,D017,188
INST001,2021,D018,339
INST001,2021,D019,303
INST001,2021,D020,408
INST001,2021,D021,139
INST001,2021,D022,177
INST001,2021,D023,261
INST001,2021,D024,70
INST001,2021,D025,86
INST001,2021,D026,52
INST001,2021,D027,133
INST001,2021,D028,141
INST001,2021,D029,68
INST001,2021,D030,96
INST001,2021,D031,76
INST001,2021,D032,100
INST001,2021,D033,173
INST001,2021,D034,62
INST001,2021,D035,50
INST001,2021,D036,40
INST001,2021,D037,1819
INST001,2021,D038,310
INST001,2021,D039,137
INST001,2021,D040,127
INST001,2021,D041,98
INST001,2021,D042,186
INST001,2021,D043,110
INST001,2021,D044,117
INST001,2021,D045,91
INST001,2021,D046,131
INST001,2021,D047,350
INST001,2021,D048,108
INST001,2021,D049,55
INST001,2021,D050,35
INST001,2022,D001,708
INST001,2022,D002,618
INST001,2022,D003,322
INST001,2022,D004,189
INST001,2022,D005,306
INST001,2022,D006,221
INST001,2022,D007,374
INST001,2022,D008,249
INST001,2022,D009,157
INST001,2022,D010,128
INST001,2022,D011,102
INST001,2022,D012,295
INST001,2022,D013,142
INST001,2022,D014,271
INST001,2022,D015,427
INST001,2022,D016,412
INST001,2022,D017,180
INST001,2022,D018,309
INST001,2022,D019,284
INST001,2022,D020,302
INST001,2022,D021,132
INST001,2022,D022,158
INST001,2022,D023,200
INST001,2022,D024,67
INST001,2022,D025,70
INST001,2022,D026,55
INST001,2022,D027,100
INST001,2022,D028,98
INST001,2022,D029,70
INST001,2022,D030,94
INST001,2022,D031,77
INST001,2022,D032,118
INST001,2022,D033,152
INST001,2022,D034,60
INST001,2022,D035,59
INST001,2022,D036,34
INST001,2022,D037,884
INST001,2022,D038,247
INST001,2022,D039,112
INST001,2022,D040,138
INST001,2022,D041,86
INST001,2022,D042,177
INST001,2022,D043,77
INST001,2022,D044,107
INST001,2022,D045,84
INST001,2022,D046,162
INST001,2022,D047,239
INST001,2022,D048,97
INST001,2022,D049,43
INST001,2022,D050,38
INST001,2023,D001,850
INST001,2023,D002,647
INST001,2023,D003,387
INST001,2023,D004,167
INST001,2023,D005,278
INST001,2023,D006,195
INST001,2023,D007,338
INST001,2023,D008,283
INST001,2023,D009,172
INST001,2023,D010,137
INST001,2023,D011,87
INST001,2023,D012,317
INST001,2023,D013,119
INST001,2023,D014,276
INST001,2023,D015,414
INST001,2023,D016,406
INST001,2023,D017,240
INST001,2023,D018,242
INST001,2023,D019,348
INST001,2023,D020,376
INST001,2023,D021,101
INST001,2023,D022,146
INST001,2023,D023,197
INST001,2023,D024,89
INST001,2023,D025,76
INST001,2023,D026,49
INST001,2023,D027,101
INST001,2023,D028,137
INST001,2023,D029,74
INST001,2023,D030,93
INST001,2023,D031,80
INST001,2023,D032,126
INST001,2023,D033,156
INST001,2023,D034,80
INST001,2023,D035,69
INST001,2023,D036,47
INST001,2023,D037,201
INST001,2023,D038,264
INST001,2023,D039,128
INST001,2023,D040,138
INST001,2023,D041,104
INST001,2023,D042,207
INST001,2023,D043,89
INST001,2023,D044,102
INST001,2023,D045,67
INST001,2023,D046,159
INST001,2023,D047,317
INST001,2023,D048,121
INST001,2023,D049,47
INST001,2023,D050,34
INST001,2024,D001,674
INST001,2024,D002,522
INST001,2024,D003,328
INST001,2024,D004,187
INST001,2024,D005,264
INST001,2024,D006,210
INST001,2024,D007,397
INST001,2024,D008,303
INST001,2024,D009,121
INST001,2024,D010,156
INST001,2024,D011,89
INST001,2024,D012,284
INST001,2024,D013,117
INST001,2024,D014,242
INST001,2024,D015,471
INST001,2024,D016,457
INST001,2024,D017,238
INST001,2024,D018,336
INST001,2024,D019,342
INST001,2024,D020,315
INST001,2024,D021,94
INST001,2024,D022,138
INST001,2024,D023,243
INST001,2024,D024,84
INST001,2024,D025,87
INST001,2024,D026,57
INST001,2024,D027,121
INST001,2024,D028,120
INST001,2024,D029,76
INST001,2024,D030,72
INST001,2024,D031,65
INST001,2024,D032,100
INST001,2024,D033,119
INST001,2024,D034,62
INST001,2024,D035,63
INST001,2024,D036,42
INST001,2024,D037,156
INST001,2024,D038,254
INST001,2024,D039,94
INST001,2024,D040,139
INST001,2024,D041,71
INST001,2024,D042,176
INST001,2024,D043,90
INST001,2024,D044,89
INST001,2024,D045,77
INST001,2024,D046,125
INST001,2024,D047,275
INST001,2024,D048,96
INST001,2024,D049,42
INST001,2024,D050,32
INST001,2025,D001,853
INST001,2025,D002,573
INST001,2025,D003,408
INST001,2025,D004,218
INST001,2025,D005,292
INST001,2025,D006,205
INST001,2025,D007,311
INST001,2025,D008,298
INST001,2025,D009,185
INST001,2025,D010,159
INST001,2025,D011,98
INST001,2025,D012,343
INST001,2025,D013,147
INST001,2025,D014,289
INST001,2025,D015,501
INST001,2025,D016,407
INST001,2025,D017,187
INST001,2025,D018,266
INST001,2025,D019,275
INST001,2025,D020,371
INST001,2025,D021,126
INST001,2025,D022,137
INST001,2025,D023,250
INST001,2025,D024,85
INST001,2025,D025,66
INST001,2025,D026,64
INST001,2025,D027,127
INST001,2025,D028,104
INST001,2025,D029,87
INST001,2025,D030,100
INST001,2025,D031,65
INST001,2025,D032,87
INST001,2025,D033,142
INST001,2025,D034,74
INST001,2025,D035,73
INST001,2025,D036,44
INST001,2025,D037,205
INST001,2025,D038,224
INST001,2025,D039,124
INST001,2025,D040,146
INST001,2025,D041,77
INST001,2025,D042,214
INST001,2025,D043,105
INST001,2025,D044,120
INST001,2025,D045,65
INST001,2025,D046,184
INST001,2025,D047,326
INST001,2025,D048,116
INST001,2025,D049,45
INST001,2025,D050,36
INST001,2026,D001,753
INST001,2026,D002,715
INST001,2026,D003,435
INST001,2026,D004,169
INST001,2026,D005,400
INST001,2026,D006,271
INST001,2026,D007,455
INST001,2026,D008,331
INST001,2026,D009,156
INST001,2026,D010,193
INST001,2026,D011,114
INST001,2026,D012,292
INST001,2026,D013,162
INST001,2026,D014,277
INST001,2026,D015,439
INST001,2026,D016,470
INST001,2026,D017,263
INST001,2026,D018,291
INST001,2026,D019,385
INST001,2026,D020,409
INST001,2026,D021,107
INST001,2026,D022,185
INST001,2026,D023,216
INST001,2026,D024,79
INST001,2026,D025,83
INST001,2026,D026,61
INST001,2026,D027,97
INST001,2026,D028,146
INST001,2026,D029,70
INST001,2026,D030,78
INST001,2026,D031,90
INST001,2026,D032,105
INST001,2026,D033,185
INST001,2026,D034,78
INST001,2026,D035,58
INST001,2026,D036,38
INST001,2026,D037,232
INST001,2026,D038,234
INST001,2026,D039,131
INST001,2026,D040,144
INST001,2026,D041,106
INST001,2026,D042,216
INST001,2026,D043,102
INST001,2026,D044,120
INST001,2026,D045,89
INST001,2026,D046,134
INST001,2026,D047,271
INST001,2026,D048,138
INST001,2026,D049,44
INST001,2026,D050,41
INST002,2015,D001,601
INST002,2015,D002,531
INST002,2015,D003,277
INST002,2015,D004,167
INST002,2015,D005,236
INST002,2015,D006,178
INST002,2015,D007,263
INST002,2015,D008,206
INST002,2015,D009,105
INST002,2015,D010,138
INST002,2015,D011,82
INST002,2015,D012,216
INST002,2015,D013,98
INST002,2015,D014,209
INST002,2015,D015,371
INST002,2015,D016,443
INST002,2015,D017,187
INST002,2015,D018,226
INST002,2015,D019,218
INST002,2015,D020,245
INST002,2015,D021,88
INST002,2015,D022,108
INST002,2015,D023,149
INST002,2015,D024,62
INST002,2015,D025,56
INST002,2015,D026,59
INST002,2015,D027,95
INST002,2015,D028,107
INST002,2015,D029,52
INST002,2015,D030,78
INST002,2015,D031,61
INST002,2015,D032,99
INST002,2015,D033,127
INST002,2015,D034,55
INST002,2015,D035,48
INST002,2015,D036,32
INST002,2015,D037,64
INST002,2015,D038,255
INST002,2015,D039,92
INST002,2015,D040,126
INST002,2015,D041,71
INST002,2015,D042,128
INST002,2015,D043,78
INST002,2015,D044,76
INST002,2015,D045,53
INST002,2015,D046,127
INST002,2015,D047,217
INST002,2015,D048,118
INST002,2015,D049,31
INST002,2015,D050,34
INST002,2016,D001,705
INST002,2016,D002,438
INST002,2016,D003,305
INST002,2016,D004,154
INST002,2016,D005,259
INST002,2016,D006,231
INST002,2016,D007,377
INST002,2016,D008,221
INST002,2016,D009,132
INST002,2016,D010,145
INST002,2016,D011,83
INST002,2016,D012,297
INST002,2016,D013,100
INST002,2016,D014,189
INST002,2016,D015,369
INST002,2016,D016,327
INST002,2016,D017,164
INST002,2016,D018,209
INST002,2016,D019,212
INST002,2016,D020,278
INST002,2016,D021,104
INST002,2016,D022,115
INST002,2016,D023,169
INST002,2016,D024,68
INST002,2016,D025,68
INST002,2016,D026,49
INST002,2016,D027,101
INST002,2016,D028,118
INST002,2016,D029,70
INST002,2016,D030,72
INST002,2016,D031,67
INST002,2016,D032,103
INST002,2016,D033,122
INST002,2016,D034,57
INST002,2016,D035,53
INST002,2016,D036,44
INST002,2016,D037,89
INST002,2016,D038,183
INST002,2016,D039,82
INST002,2016,D040,104
INST002,2016,D041,83
INST002,2016,D042,162
INST002,2016,D043,69
INST002,2016,D044,80
INST002,2016,D045,67
INST002,2016,D046,136
INST002,2016,D047,282
INST002,2016,D048,101
INST002,2016,D049,37
INST002,2016,D050,26
INST002,2017,D001,613
INST002,2017,D002,457
INST002,2017,D003,272
INST002,2017,D004,131
INST002,2017,D005,314
INST002,2017,D006,229
INST002,2017,D007,325
INST002,2017,D008,283
INST002,2017,D009,151
INST002,2017,D010,148
INST002,2017,D011,68
INST002,2017,D012,206
INST002,2017,D013,125
INST002,2017,D014,212
INST002,2017,D015,368
INST002,2017,D016,441
INST002,2017,D017,165
INST002,2017,D018,261
INST002,2017,D019,279
INST002,2017,D020,283
INST002,2017,D021,84
INST002,2017,D022,118
INST002,2017,D023,176
INST002,2017,D024,67
INST002,2017,D025,72
INST002,2017,D026,47
INST002,2017,D027,102
INST002,2017,D028,92
INST002,2017,D029,74
INST002,2017,D030,78
INST002,2017,D031,64
INST002,2017,D032,86
INST002,2017,D033,116
INST002,2017,D034,52
INST002,2017,D035,59
INST002,2017,D036,36
INST002,2017,D037,79
INST002,2017,D038,264
INST002,2017,D039,100
INST002,2017,D040,115
INST002,2017,D041,73
INST002,2017,D042,138
INST002,2017,D043,71
INST002,2017,D044,104
INST002,2017,D045,66
INST002,2017,D046,139
INST002,2017,D047,211
INST002,2017,D048,102
INST002,2017,D049,44
INST002,2017,D050,30
INST002,2018,D001,557
INST002,2018,D002,609
INST002,2018,D003,329
INST002,2018,D004,147
INST002,2018,D005,238
INST002,2018,D006,214
INST002,2018,D007,335
INST002,2018,D008,209
INST002,2018,D009,157
INST002,2018,D010,168
INST002,2018,D011,77
INST002,2018,D012,222
INST002,2018,D013,134
INST002,2018,D014,223
INST002,2018,D015,392
INST002,2018,D016,395
INST002,2018,D017,179
INST002,2018,D018,298
INST002,2018,D019,329
INST002,2018,D020,265
INST002,2018,D021,107
INST002,2018,D022,125
INST002,2018,D023,230
INST002,2018,D024,65
INST002,2018,D025,75
INST002,2018,D026,60
INST002,2018,D027,89
INST002,2018,D028,117
INST002,2018,D029,63
INST002,2018,D030,84
INST002,2018,D031,65
INST002,2018,D032,103
INST002,2018,D033,120
INST002,2018,D034,54
INST002,2018,D035,54
INST002,2018,D036,47
INST002,2018,D037,82
INST002,2018,D038,197
INST002,2018,D039,100
INST002,2018,D040,110
INST002,2018,D041,80
INST002,2018,D042,167
INST002,2018,D043,77
INST002,2018,D044,91
INST002,2018,D045,57
INST002,2018,D046,141
INST002,2018,D047,256
INST002,2018,D048,93
INST002,2018,D049,43
INST002,2018,D050,26
INST002,2019,D001,726
INST002,2019,D002,589
INST002,2019,D003,307
INST002,2019,D004,178
INST002,2019,D005,318
INST002,2019,D006,256
INST002,2019,D007,335
INST002,2019,D008,207
INST002,2019,D009,134
INST002,2019,D010,153
INST002,2019,D011,92
INST002,2019,D012,308
INST002,2019,D013,118
INST002,2019,D014,230
INST002,2019,D015,363
INST002,2019,D016,438
INST002,2019,D017,194
INST002,2019,D018,285
INST002,2019,D019,243
INST002,2019,D020,298
INST002,2019,D021,127
INST002,2019,D022,125
INST002,2019,D023,217
INST002,2019,D024,71
INST002,2019,D025,76
INST002,2019,D026,61
INST002,2019,D027,115
INST002,2019,D028,102
INST002,2019,D029,62
INST002,2019,D030,80
INST002,2019,D031,74
INST002,2019,D032,108
INST002,2019,D033,109
INST002,2019,D034,50
INST002,2019,D035,56
INST002,2019,D036,47
INST002,2019,D037,101
INST002,2019,D038,258
INST002,2019,D039,98
INST002,2019,D040,101
INST002,2019,D041,84
INST002,2019,D042,192
INST002,2019,D043,78
INST002,2019,D044,108
INST002,2019,D045,78
INST002,2019,D046,109
INST002,2019,D047,285
INST002,2019,D048,98
INST002,2019,D049,38
INST002,2019,D050,28
INST002,2020,D001,690
INST002,2020,D002,586
INST002,2020,D003,280
INST002,2020,D004,139
INST002,2020,D005,324
INST002,2020,D006,225
INST002,2020,D007,301
INST002,2020,D008,298
INST002,2020,D009,115
INST002,2020,D010,145
INST002,2020,D011,72
INST002,2020,D012,242
INST002,2020,D013,97
INST002,2020,D014,256
INST002,2020,D015,429
INST002,2020,D016,432
INST002,2020,D017,174
INST002,2020,D018,263
INST002,2020,D019,265
INST002,2020,D020,313
INST002,2020,D021,113
INST002,2020,D022,130
INST002,2020,D023,181
INST002,2020,D024,76
INST002,2020,D025,59
INST002,2020,D026,51
INST002,2020,D027,100
INST002,2020,D028,96
INST002,2020,D029,69
INST002,2020,D030,76
INST002,2020,D031,80
INST002,2020,D032,86
INST002,2020,D033,160
INST002,2020,D034,64
INST002,2020,D035,48
INST002,2020,D036,41
INST002,2020,D037,1417
INST002,2020,D038,258
INST002,2020,D039,82
INST002,2020,D040,126
INST002,2020,D041,80
INST002,2020,D042,195
INST002,2020,D043,73
INST002,2020,D044,113
INST002,2020,D045,70
INST002,2020,D046,126
INST002,2020,D047,269
INST002,2020,D048,112
INST002,2020,D049,43
INST002,2020,D050,36
INST002,2021,D001,785
INST002,2021,D002,567
INST002,2021,D003,385
INST002,2021,D004,183
INST002,2021,D005,268
INST002,2021,D006,216
INST002,2021,D007,356
INST002,2021,D008,287
INST002,2021,D009,115
INST002,2021,D010,139
INST002,2021,D011,91
INST002,2021,D012,240
INST002,2021,D013,106
INST002,2021,D014,238
INST002,2021,D015,452
INST002,2021,D016,420
INST002,2021,D017,241
INST002,2021,D018,313
INST002,2021,D019,262
INST002,2021,D020,351
INST002,2021,D021,109
INST002,2021,D022,155
INST002,2021,D023,228
INST002,2021,D024,64
INST002,2021,D025,58
INST002,2021,D026,65
INST002,2021,D027,88
INST002,2021,D028,131
INST002,2021,D029,79
INST002,2021,D030,82
INST002,2021,D031,82
INST002,2021,D032,114
INST002,2021,D033,155
INST002,2021,D034,58
INST002,2021,D035,61
INST002,2021,D036,33
INST002,2021,D037,1769
INST002,2021,D038,237
INST002,2021,D039,110
INST002,2021,D040,133
INST002,2021,D041,85
INST002,2021,D042,195
INST002,2021,D043,97
INST002,2021,D044,87
INST002,2021,D045,61
INST002,2021,D046,112
INST002,2021,D047,303
INST002,2021,D048,113
INST002,2021,D049,48
INST002,2021,D050,30
INST002,2022,D001,745
INST002,2022,D002,598
INST002,2022,D003,291
INST002,2022,D004,158
INST002,2022,D005,237
INST002,2022,D006,248
INST002,2022,D007,304
INST002,2022,D008,249
INST002,2022,D009,110
INST002,2022,D010,167
INST002,2022,D011,67
INST002,2022,D012,259
INST002,2022,D013,126
INST002,2022,D014,246
INST002,2022,D015,427
INST002,2022,D016,383
INST002,2022,D017,217
INST002,2022,D018,227
INST002,2022,D019,267
INST002,2022,D020,249
INST002,2022,D021,105
INST002,2022,D022,127
INST002,2022,D023,233
INST002,2022,D024,53
INST002,2022,D025,62
INST002,2022,D026,51
INST002,2022,D027,116
INST002,2022,D028,120
INST002,2022,D029,55
INST002,2022,D030,77
INST002,2022,D031,67
INST002,2022,D032,110
INST002,2022,D033,124
INST002,2022,D034,56
INST002,2022,D035,46
INST002,2022,D036,33
INST002,2022,D037,999
INST002,2022,D038,226
INST002,2022,D039,105
INST002,2022,D040,125
INST002,2022,D041,82
INST002,2022,D042,133
INST002,2022,D043,88
INST002,2022,D044,88
INST002,2022,D045,56
INST002,2022,D046,135
INST002,2022,D047,207
INST002,2022,D048,116
INST002,2022,D049,34
INST002,2022,D050,29
INST002,2023,D001,683
INST002,2023,D002,491
INST002,2023,D003,408
INST002,2023,D004,146
INST002,2023,D005,352
INST002,2023,D006,201
INST002,2023,D007,312
INST002,2023,D008,250
INST002,2023,D009,127
INST002,2023,D010,171
INST002,2023,D011,71
INST002,2023,D012,236
INST002,2023,D013,147
INST002,2023,D014,223
INST002,2023,D015,374
INST002,2023,D016,382
INST002,2023,D017,180
INST002,2023,D018,321
INST002,2023,D019,311
INST002,2023,D020,362
INST002,2023,D021,116
INST002,2023,D022,163
INST002,2023,D023,221
INST002,2023,D024,61
INST002,2023,D025,73
INST002,2023,D026,69
INST002,2023,D027,89
INST002,2023,D028,130
INST002,2023,D029,84
INST002,2023,D030,81
INST002,2023,D031,72
INST002,2023,D032,121
INST002,2023,D033,120
INST002,2023,D034,65
INST002,2023,D035,56
INST002,2023,D036,47
INST002,2023,D037,178
INST002,2023,D038,298
INST002,2023,D039,91
INST002,2023,D040,109
INST002,2023,D041,91
INST002,2023,D042,151
INST002,2023,D043,80
INST002,2023,D044,115
INST002,2023,D045,74
INST002,2023,D046,136
INST002,2023,D047,333
INST002,2023,D048,118
INST002,2023,D049,43
INST002,2023,D050,38
INST002,2024,D001,728
INST002,2024,D002,600
INST002,2024,D003,343
INST002,2024,D004,186
INST002,2024,D005,308
INST002,2024,D006,191
INST002,2024,D007,330
INST002,2024,D008,228
INST002,2024,D009,126
INST002,2024,D010,145
INST002,2024,D011,78
INST002,2024,D012,226
INST002,2024,D013,117
INST002,2024,D014,244
INST002,2024,D015,352
INST002,2024,D016,348
INST002,2024,D017,236
INST002,2024,D018,223
INST002,2024,D019,320
INST002,2024,D020,254
INST002,2024,D021,90
INST002,2024,D022,147
INST002,2024,D023,227
INST002,2024,D024,68
INST002,2024,D025,69
INST002,2024,D026,55
INST002,2024,D027,94
INST002,2024,D028,91
INST002,2024,D029,63
INST002,2024,D030,79
INST002,2024,D031,74
INST002,2024,D032,108
INST002,2024,D033,146
INST002,2024,D034,72
INST002,2024,D035,56
INST002,2024,D036,38
INST002,2024,D037,170
INST002,2024,D038,208
INST002,2024,D039,107
INST002,2024,D040,108
INST002,2024,D041,68
INST002,2024,D042,191
INST002,2024,D043,76
INST002,2024,D044,111
INST002,2024,D045,69
INST002,2024,D046,151
INST002,2024,D047,291
INST002,2024,D048,128
INST002,2024,D049,45
INST002,2024,D050,35
INST002,2025,D001,597
INST002,2025,D002,674
INST002,2025,D003,400
INST002,2025,D004,167
INST002,2025,D005,270
INST002,2025,D006,255
INST002,2025,D007,340
INST002,2025,D008,262
INST002,2025,D009,118
INST002,2025,D010,186
INST002,2025,D011,90
INST002,2025,D012,283
INST002,2025,D013,113
INST002,2025,D014,264
INST002,2025,D015,329
INST002,2025,D016,486
INST002,2025,D017,196
INST002,2025,D018,285
INST002,2025,D019,290
INST002,2025,D020,314
INST002,2025,D021,128
INST002,2025,D022,163
INST002,2025,D023,227
INST002,2025,D024,61
INST002,2025,D025,60
INST002,2025,D026,50
INST002,2025,D027,115
INST002,2025,D028,126
INST002,2025,D029,67
INST002,2025,D030,86
INST002,2025,D031,73
INST002,2025,D032,100
INST002,2025,D033,134
INST002,2025,D034,73
INST002,2025,D035,49
INST002,2025,D036,43
INST002,2025,D037,165
INST002,2025,D038,276
INST002,2025,D039,110
INST002,2025,D040,141
INST002,2025,D041,72
INST002,2025,D042,176
INST002,2025,D043,92
INST002,2025,D044,88
INST002,2025,D045,67
INST002,2025,D046,130
INST002,2025,D047,239
INST002,2025,D048,106
INST002,2025,D049,41
INST002,2025,D050,29
INST002,2026,D001,662
INST002,2026,D002,565
INST002,2026,D003,395
INST002,2026,D004,190
INST002,2026,D005,362
INST002,2026,D006,273
INST002,2026,D007,315
INST002,2026,D008,331
INST002,2026,D009,124
INST002,2026,D010,135
INST002,2026,D011,106
INST002,2026,D012,348
INST002,2026,D013,141
INST002,2026,D014,266
INST002,2026,D015,453
INST002,2026,D016,441
INST002,2026,D017,193
INST002,2026,D018,246
INST002,2026,D019,297
INST002,2026,D020,384
INST002,2026,D021,127
INST002,2026,D022,172
INST002,2026,D023,266
INST002,2026,D024,63
INST002,2026,D025,86
INST002,2026,D026,54
INST002,2026,D027,118
INST002,2026,D028,123
INST002,2026,D029,72
INST002,2026,D030,77
INST002,2026,D031,71
INST002,2026,D032,99
INST002,2026,D033,132
INST002,2026,D034,68
INST002,2026,D035,51
INST002,2026,D036,45
INST002,2026,D037,216
INST002,2026,D038,250
INST002,2026,D039,124
INST002,2026,D040,154
INST002,2026,D041,102
INST002,2026,D042,170
INST002,2026,D043,78
INST002,2026,D044,100
INST002,2026,D045,79
INST002,2026,D046,168
INST002,2026,D047,307
INST002,2026,D048,106
INST002,2026,D049,50
INST002,2026,D050,37
INST003,2015,D001,706
INST003,2015,D002,658
INST003,2015,D003,355
INST003,2015,D004,190
INST003,2015,D005,318
INST003,2015,D006,264
INST003,2015,D007,379
INST003,2015,D008,235
INST003,2015,D009,119
INST003,2015,D010,155
INST003,2015,D011,79
INST003,2015,D012,262
INST003,2015,D013,106
INST003,2015,D014,246
INST003,2015,D015,366
INST003,2015,D016,424
INST003,2015,D017,178
INST003,2015,D018,326
INST003,2015,D019,251
INST003,2015,D020,372
INST003,2015,D021,131
INST003,2015,D022,150
INST003,2015,D023,217
INST003,2015,D024,71
INST003,2015,D025,73
INST003,2015,D026,64
INST003,2015,D027,125
INST003,2015,D028,113
INST003,2015,D029,81
INST003,2015,D030,84
INST003,2015,D031,67
INST003,2015,D032,100
INST003,2015,D033,124
INST003,2015,D034,53
INST003,2015,D035,48
INST003,2015,D036,50
INST003,2015,D037,85
INST003,2015,D038,274
INST003,2015,D039,108
INST003,2015,D040,112
INST003,2015,D041,77
INST003,2015,D042,175
INST003,2015,D043,84
INST003,2015,D044,109
INST003,2015,D045,62
INST003,2015,D046,136
INST003,2015,D047,250
INST003,2015,D048,111
INST003,2015,D049,40
INST003,2015,D050,37
INST003,2016,D001,780
INST003,2016,D002,475
INST003,2016,D003,296
INST003,2016,D004,197
INST003,2016,D005,282
INST003,2016,D006,256
INST003,2016,D007,391
INST003,2016,D008,325
INST003,2016,D009,169
INST003,2016,D010,151
INST003,2016,D011,91
INST003,2016,D012,252
INST003,2016,D013,124
INST003,2016,D014,297
INST003,2016,D015,437
INST003,2016,D016,423
INST003,2016,D017,229
INST003,2016,D018,346
INST003,2016,D019,285
INST003,2016,D020,315
INST003,2016,D021,131
INST003,2016,D022,165
INST003,2016,D023,236
INST003,2016,D024,83
INST003,2016,D025,80
INST003,2016,D026,63
INST003,2016,D027,111
INST003,2016,D028,124
INST003,2016,D029,71
INST003,2016,D030,76
INST003,2016,D031,69
INST003,2016,D032,89
INST003,2016,D033,130
INST003,2016,D034,78
INST003,2016,D035,58
INST003,2016,D036,39
INST003,2016,D037,79
INST003,2016,D038,214
INST003,2016,D039,125
INST003,2016,D040,111
INST003,2016,D041,98
INST003,2016,D042,208
INST003,2016,D043,102
INST003,2016,D044,90
INST003,2016,D045,68
INST003,2016,D046,163
INST003,2016,D047,238
INST003,2016,D048,112
INST003,2016,D049,38
INST003,2016,D050,41
INST003,2017,D001,845
INST003,2017,D002,508
INST003,2017,D003,351
INST003,2017,D004,181
INST003,2017,D005,338
INST003,2017,D006,215
INST003,2017,D007,367
INST003,2017,D008,261
INST003,2017,D009,165
INST003,2017,D010,162
INST003,2017,D011,91
INST003,2017,D012,277
INST003,2017,D013,152
INST003,2017,D014,252
INST003,2017,D015,469
INST003,2017,D016,427
INST003,2017,D017,265
INST003,2017,D018,359
INST003,2017,D019,311
INST003,2017,D020,308
INST003,2017,D021,114
INST003,2017,D022,152
INST003,2017,D023,267
INST003,2017,D024,84
INST003,2017,D025,84
INST003,2017,D026,51
INST003,2017,D027,101
INST003,2017,D028,127
INST003,2017,D029,86
INST003,2017,D030,84
INST003,2017,D031,63
INST003,2017,D032,119
INST003,2017,D033,171
INST003,2017,D034,61
INST003,2017,D035,66
INST003,2017,D036,41
INST003,2017,D037,110
INST003,2017,D038,226
INST003,2017,D039,109
INST003,2017,D040,159
INST003,2017,D041,80
INST003,2017,D042,184
INST003,2017,D043,84
INST003,2017,D044,91
INST003,2017,D045,61
INST003,2017,D046,150
INST003,2017,D047,255
INST003,2017,D048,144
INST003,2017,D049,42
INST003,2017,D050,30
INST003,2018,D001,878
INST003,2018,D002,639
INST003,2018,D003,414
INST003,2018,D004,165
INST003,2018,D005,297
INST003,2018,D006,280
INST003,2018,D007,416
INST003,2018,D008,251
INST003,2018,D009,167
INST003,2018,D010,166
INST003,2018,D011,74
INST003,2018,D012,257
INST003,2018,D013,125
INST003,2018,D014,298
INST003,2018,D015,433
INST003,2018,D016,506
INST003,2018,D017,234
INST003,2018,D018,261
INST003,2018,D019,297
INST003,2018,D020,320
INST003,2018,D021,101
INST003,2018,D022,149
INST003,2018,D023,259
INST003,2018,D024,75
INST003,2018,D025,65
INST003,2018,D026,71
INST003,2018,D027,120
INST003,2018,D028,99
INST003,2018,D029,77
INST003,2018,D030,76
INST003,2018,D031,66
INST003,2018,D032,105
INST003,2018,D033,161
INST003,2018,D034,62
INST003,2018,D035,59
INST003,2018,D036,49
INST003,2018,D037,81
INST003,2018,D038,321
INST003,2018,D039,95
INST003,2018,D040,140
INST003,2018,D041,93
INST003,2018,D042,231
INST003,2018,D043,94
INST003,2018,D044,110
INST003,2018,D045,76
INST003,2018,D046,163
INST003,2018,D047,350
INST003,2018,D048,111
INST003,2018,D049,37
INST003,2018,D050,43
INST003,2019,D001,832
INST003,2019,D002,624
INST003,2019,D003,405
INST003,2019,D004,208
INST003,2019,D005,298
INST003,2019,D006,199
INST003,2019,D007,387
INST003,2019,D008,325
INST003,2019,D009,132
INST003,2019,D010,186
INST003,2019,D011,90
INST003,2019,D012,328
INST003,2019,D013,144
INST003,2019,D014,291
INST003,2019,D015,345
INST003,2019,D016,507
INST003,2019,D017,224
INST003,2019,D018,279
INST003,2019,D019,261
INST003,2019,D020,301
INST003,2019,D021,99
INST003,2019,D022,178
INST003,2019,D023,229
INST003,2019,D024,91
INST003,2019,D025,77
INST003,2019,D026,54
INST003,2019,D027,125
INST003,2019,D028,106
INST003,2019,D029,71
INST003,2019,D030,93
INST003,2019,D031,87
INST003,2019,D032,99
INST003,2019,D033,129
INST003,2019,D034,64
INST003,2019,D035,70
INST003,2019,D036,50
INST003,2019,D037,111
INST003,2019,D038,254
INST003,2019,D039,135
INST003,2019,D040,136
INST003,2019,D041,91
INST003,2019,D042,222
INST003,2019,D043,92
INST003,2019,D044,128
INST003,2019,D045,83
INST003,2019,D046,126
INST003,2019,D047,301
INST003,2019,D048,137
INST003,2019,D049,46
INST003,2019,D050,35
INST003,2020,D001,803
INST003,2020,D002,543
INST003,2020,D003,377
INST003,2020,D004,183
INST003,2020,D005,341
INST003,2020,D006,227
INST003,2020,D007,308
INST003,2020,D008,329
INST003,2020,D009,142
INST003,2020,D010,199
INST003,2020,D011,82
INST003,2020,D012,360
INST003,2020,D013,160
INST003,2020,D014,213
INST003,2020,D015,438
INST003,2020,D016,428
INST003,2020,D017,253
INST003,2020,D018,323
INST003,2020,D019,374
INST003,2020,D020,291
INST003,2020,D021,126
INST003,2020,D022,168
INST003,2020,D023,184
INST003,2020,D024,62
INST003,2020,D025,83
INST003,2020,D026,57
INST003,2020,D027,107
INST003,2020,D028,124
INST003,2020,D029,78
INST003,2020,D030,89
INST003,2020,D031,89
INST003,2020,D032,100
INST003,2020,D033,166
INST003,2020,D034,69
INST003,2020,D035,61
INST003,2020,D036,43
INST003,2020,D037,1569
INST003,2020,D038,237
INST003,2020,D039,95
INST003,2020,D040,148
INST003,2020,D041,90
INST003,2020,D042,180
INST003,2020,D043,92
INST003,2020,D044,102
INST003,2020,D045,68
INST003,2020,D046,147
INST003,2020,D047,344
INST003,2020,D048,110
INST003,2020,D049,52
INST003,2020,D050,37
INST003,2021,D001,873
INST003,2021,D002,585
INST003,2021,D003,425
INST003,2021,D004,187
INST003,2021,D005,268
INST003,2021,D006,262
INST003,2021,D007,435
INST003,2021,D008,269
INST003,2021,D009,143
INST003,2021,D010,139
INST003,2021,D011,93
INST003,2021,D012,354
INST003,2021,D013,157
INST003,2021,D014,282
INST003,2021,D015,492
INST003,2021,D016,484
INST003,2021,D017,256
INST003,2021,D018,307
INST003,2021,D019,272
INST003,2021,D020,303
INST003,2021,D021,104
INST003,2021,D022,170
INST003,2021,D023,186
INST003,2021,D024,78
INST003,2021,D025,72
INST003,2021,D026,68
INST003,2021,D027,117
INST003,2021,D028,127
INST003,2021,D029,63
INST003,2021,D030,77
INST003,2021,D031,91
INST003,2021,D032,116
INST003,2021,D033,154
INST003,2021,D034,76
INST003,2021,D035,69
INST003,2021,D036,38
INST003,2021,D037,2292
INST003,2021,D038,283
INST003,2021,D039,112
INST003,2021,D040,147
INST003,2021,D041,86
INST003,2021,D042,220
INST003,2021,D043,102
INST003,2021,D044,121
INST003,2021,D045,66
INST003,2021,D046,181
INST003,2021,D047,282
INST003,2021,D048,142
INST003,2021,D049,37
INST003,2021,D050,32
INST003,2022,D001,671
INST003,2022,D002,561
INST003,2022,D003,403
INST003,2022,D004,181
INST003,2022,D005,382
INST003,2022,D006,287
INST003,2022,D007,441
INST003,2022,D008,265
INST003,2022,D009,163
INST003,2022,D010,174
INST003,2022,D011,79
INST003,2022,D012,285
INST003,2022,D013,141
INST003,2022,D014,263
INST003,2022,D015,369
INST003,2022,D016,547
INST003,2022,D017,200
INST003,2022,D018,329
INST003,2022,D019,354
INST003,2022,D020,363
INST003,2022,D021,141
INST003,2022,D022,158
INST003,2022,D023,262
INST003,2022,D024,62
INST003,2022,D025,63
INST003,2022,D026,65
INST003,2022,D027,119
INST003,2022,D028,131
INST003,2022,D029,85
INST003,2022,D030,82
INST003,2022,D031,81
INST003,2022,D032,108
INST003,2022,D033,162
INST003,2022,D034,63
INST003,2022,D035,73
INST003,2022,D036,46
INST003,2022,D037,1156
INST003,2022,D038,291
INST003,2022,D039,106
INST003,2022,D040,115
INST003,2022,D041,76
INST003,2022,D042,189
INST003,2022,D043,92
INST003,2022,D044,102
INST003,2022,D045,80
INST003,2022,D046,143
INST003,2022,D047,320
INST003,2022,D048,135
INST003,2022,D049,53
INST003,2022,D050,46
INST003,2023,D001,740
INST003,2023,D002,623
INST003,2023,D003,347
INST003,2023,D004,192
INST003,2023,D005,297
INST003,2023,D006,224
INST003,2023,D007,327
INST003,2023,D008,271
INST003,2023,D009,148
INST003,2023,D010,179
INST003,2023,D011,84
INST003,2023,D012,357
INST003,2023,D013,121
INST003,2023,D014,247
INST003,2023,D015,442
INST003,2023,D016,433
INST003,2023,D017,258
INST003,2023,D018,312
INST003,2023,D019,329
INST003,2023,D020,351
INST003,2023,D021,115
INST003,2023,D022,126
INST003,2023,D023,275
INST003,2023,D024,78
INST003,2023,D025,92
INST003,2023,D026,55
INST003,2023,D027,110
INST003,2023,D028,102
INST003,2023,D029,77
INST003,2023,D030,99
INST003,2023,D031,82
INST003,2023,D032,108
INST003,2023,D033,158
INST003,2023,D034,80
INST003,2023,D035,60
INST003,2023,D036,54
INST003,2023,D037,208
INST003,2023,D038,302
INST003,2023,D039,110
INST003,2023,D040,134
INST003,2023,D041,96
INST003,2023,D042,171
INST003,2023,D043,95
INST003,2023,D044,97
INST003,2023,D045,78
INST003,2023,D046,172
INST003,2023,D047,270
INST003,2023,D048,149
INST003,2023,D049,50
INST003,2023,D050,33
INST003,2024,D001,843
INST003,2024,D002,768
INST003,2024,D003,395
INST003,2024,D004,258
INST003,2024,D005,407
INST003,2024,D006,248
INST003,2024,D007,442
INST003,2024,D008,334
INST003,2024,D009,144
INST003,2024,D010,165
INST003,2024,D011,98
INST003,2024,D012,348
INST003,2024,D013,155
INST003,2024,D014,312
INST003,2024,D015,487
INST003,2024,D016,492
INST003,2024,D017,276
INST003,2024,D018,304
INST003,2024,D019,442
INST003,2024,D020,434
INST003,2024,D021,129
INST003,2024,D022,164
INST003,2024,D023,299
INST003,2024,D024,89
INST003,2024,D025,95
INST003,2024,D026,64
INST003,2024,D027,148
INST003,2024,D028,133
INST003,2024,D029,94
INST003,2024,D030,115
INST003,2024,D031,91
INST003,2024,D032,138
INST003,2024,D033,192
INST003,2024,D034,85
INST003,2024,D035,57
INST003,2024,D036,52
INST003,2024,D037,256
INST003,2024,D038,343
INST003,2024,D039,146
INST003,2024,D040,163
INST003,2024,D041,115
INST003,2024,D042,227
INST003,2024,D043,91
INST003,2024,D044,139
INST003,2024,D045,92
INST003,2024,D046,200
INST003,2024,D047,287
INST003,2024,D048,151
INST003,2024,D049,42
INST003,2024,D050,51
INST003,2025,D001,640
INST003,2025,D002,572
INST003,2025,D003,327
INST003,2025,D004,213
INST003,2025,D005,321
INST003,2025,D006,281
INST003,2025,D007,463
INST003,2025,D008,346
INST003,2025,D009,173
INST003,2025,D010,143
INST003,2025,D011,81
INST003,2025,D012,280
INST003,2025,D013,132
INST003,2025,D014,287
INST003,2025,D015,440
INST003,2025,D016,440
INST003,2025,D017,206
INST003,2025,D018,369
INST003,2025,D019,311
INST003,2025,D020,335
INST003,2025,D021,140
INST003,2025,D022,172
INST003,2025,D023,251
INST003,2025,D024,85
INST003,2025,D025,82
INST003,2025,D026,55
INST003,2025,D027,106
INST003,2025,D028,129
INST003,2025,D029,70
INST003,2025,D030,103
INST003,2025,D031,72
INST003,2025,D032,101
INST003,2025,D033,139
INST003,2025,D034,77
INST003,2025,D035,58
INST003,2025,D036,44
INST003,2025,D037,227
INST003,2025,D038,310
INST003,2025,D039,108
INST003,2025,D040,121
INST003,2025,D041,101
INST003,2025,D042,188
INST003,2025,D043,113
INST003,2025,D044,134
INST003,2025,D045,93
INST003,2025,D046,177
INST003,2025,D047,276
INST003,2025,D048,116
INST003,2025,D049,51
INST003,2025,D050,37
INST003,2026,D001,762
INST003,2026,D002,653
INST003,2026,D003,357
INST003,2026,D004,214
INST003,2026,D005,416
INST003,2026,D006,291
INST003,2026,D007,361
INST003,2026,D008,335
INST003,2026,D009,174
INST003,2026,D010,166
INST003,2026,D011,108
INST003,2026,D012,342
INST003,2026,D013,160
INST003,2026,D014,235
INST003,2026,D015,448
INST003,2026,D016,550
INST003,2026,D017,212
INST003,2026,D018,374
INST003,2026,D019,284
INST003,2026,D020,387
INST003,2026,D021,158
INST003,2026,D022,162
INST003,2026,D023,297
INST003,2026,D024,97
INST003,2026,D025,83
INST003,2026,D026,59
INST003,2026,D027,150
INST003,2026,D028,125
INST003,2026,D029,89
INST003,2026,D030,108
INST003,2026,D031,70
INST003,2026,D032,121
INST003,2026,D033,171
INST003,2026,D034,82
INST003,2026,D035,79
INST003,2026,D036,59
INST003,2026,D037,180
INST003,2026,D038,340
INST003,2026,D039,110
INST003,2026,D040,177
INST003,2026,D041,121
INST003,2026,D042,202
INST003,2026,D043,101
INST003,2026,D044,148
INST003,2026,D045,100
INST003,2026,D046,197
INST003,2026,D047,369
INST003,2026,D048,108
INST003,2026,D049,52
INST003,2026,D050,35
INST004,2015,D001,961
INST004,2015,D002,637
INST004,2015,D003,384
INST004,2015,D004,236
INST004,2015,D005,385
INST004,2015,D006,253
INST004,2015,D007,352
INST004,2015,D008,258
INST004,2015,D009,139
INST004,2015,D010,173
INST004,2015,D011,87
INST004,2015,D012,281
INST004,2015,D013,158
INST004,2015,D014,305
INST004,2015,D015,454
INST004,2015,D016,531
INST004,2015,D017,209
INST004,2015,D018,367
INST004,2015,D019,391
INST004,2015,D020,409
INST004,2015,D021,129
INST004,2015,D022,134
INST004,2015,D023,257
INST004,2015,D024,70
INST004,2015,D025,68
INST004,2015,D026,59
INST004,2015,D027,108
INST004,2015,D028,116
INST004,2015,D029,71
INST004,2015,D030,97
INST004,2015,D031,94
INST004,2015,D032,103
INST004,2015,D033,175
INST004,2015,D034,58
INST004,2015,D035,68
INST004,2015,D036,51
INST004,2015,D037,83
INST004,2015,D038,238
INST004,2015,D039,111
INST004,2015,D040,139
INST004,2015,D041,96
INST004,2015,D042,232
INST004,2015,D043,104
INST004,2015,D044,111
INST004,2015,D045,68
INST004,2015,D046,187
INST004,2015,D047,280
INST004,2015,D048,134
INST004,2015,D049,42
INST004,2015,D050,34
INST004,2016,D001,892
INST004,2016,D002,660
INST004,2016,D003,376
INST004,2016,D004,207
INST004,2016,D005,337
INST004,2016,D006,263
INST004,2016,D007,432
INST004,2016,D008,273
INST004,2016,D009,146
INST004,2016,D010,196
INST004,2016,D011,112
INST004,2016,D012,270
INST004,2016,D013,143
INST004,2016,D014,298
INST004,2016,D015,371
INST004,2016,D016,499
INST004,2016,D017,200
INST004,2016,D018,331
INST004,2016,D019,341
INST004,2016,D020,376
INST004,2016,D021,111
INST004,2016,D022,151
INST004,2016,D023,245
INST004,2016,D024,68
INST004,2016,D025,71
INST004,2016,D026,67
INST004,2016,D027,101
INST004,2016,D028,130
INST004,2016,D029,91
INST004,2016,D030,87
INST004,2016,D031,81
INST004,2016,D032,111
INST004,2016,D033,133
INST004,2016,D034,72
INST004,2016,D035,72
INST004,2016,D036,53
INST004,2016,D037,98
INST004,2016,D038,320
INST004,2016,D039,133
INST004,2016,D040,150
INST004,2016,D041,79
INST004,2016,D042,190
INST004,2016,D043,80
INST004,2016,D044,145
INST004,2016,D045,95
INST004,2016,D046,134
INST004,2016,D047,362
INST004,2016,D048,105
INST004,2016,D049,46
INST004,2016,D050,44
INST004,2017,D001,997
INST004,2017,D002,691
INST004,2017,D003,389
INST004,2017,D004,250
INST004,2017,D005,335
INST004,2017,D006,307
INST004,2017,D007,486
INST004,2017,D008,302
INST004,2017,D009,179
INST004,2017,D010,196
INST004,2017,D011,102
INST004,2017,D012,355
INST004,2017,D013,141
INST004,2017,D014,248
INST004,2017,D015,467
INST004,2017,D016,508
INST004,2017,D017,274
INST004,2017,D018,297
INST004,2017,D019,281
INST004,2017,D020,304
INST004,2017,D021,123
INST004,2017,D022,179
INST004,2017,D023,255
INST004,2017,D024,84
INST004,2017,D025,94
INST004,2017,D026,60
INST004,2017,D027,117
INST004,2017,D028,121
INST004,2017,D029,98
INST004,2017,D030,100
INST004,2017,D031,70
INST004,2017,D032,131
INST004,2017,D033,162
INST004,2017,D034,83
INST004,2017,D035,77
INST004,2017,D036,40
INST004,2017,D037,93
INST004,2017,D038,246
INST004,2017,D039,102
INST004,2017,D040,156
INST004,2017,D041,108
INST004,2017,D042,171
INST004,2017,D043,110
INST004,2017,D044,120
INST004,2017,D045,74
INST004,2017,D046,148
INST004,2017,D047,364
INST004,2017,D048,110
INST004,2017,D049,50
INST004,2017,D050,38
INST004,2018,D001,935
INST004,2018,D002,619
INST004,2018,D003,427
INST004,2018,D004,228
INST004,2018,D005,333
INST004,2018,D006,252
INST004,2018,D007,367
INST004,2018,D008,346
INST004,2018,D009,152
INST004,2018,D010,173
INST004,2018,D011,84
INST004,2018,D012,404
INST004,2018,D013,177
INST004,2018,D014,339
INST004,2018,D015,494
INST004,2018,D016,499
INST004,2018,D017,256
INST004,2018,D018,407
INST004,2018,D019,423
INST004,2018,D020,411
INST004,2018,D021,152
INST004,2018,D022,158
INST004,2018,D023,248
INST004,2018,D024,73
INST004,2018,D025,81
INST004,2018,D026,75
INST004,2018,D027,127
INST004,2018,D028,156
INST004,2018,D029,78
INST004,2018,D030,102
INST004,2018,D031,96
INST004,2018,D032,139
INST004,2018,D033,175
INST004,2018,D034,91
INST004,2018,D035,70
INST004,2018,D036,43
INST004,2018,D037,96
INST004,2018,D038,264
INST004,2018,D039,136
INST004,2018,D040,180
INST004,2018,D041,117
INST004,2018,D042,179
INST004,2018,D043,112
INST004,2018,D044,112
INST004,2018,D045,77
INST004,2018,D046,183
INST004,2018,D047,338
INST004,2018,D048,157
INST004,2018,D049,44
INST004,2018,D050,47
INST004,2019,D001,889
INST004,2019,D002,672
INST004,2019,D003,478
INST004,2019,D004,202
INST004,2019,D005,431
INST004,2019,D006,224
INST004,2019,D007,510
INST004,2019,D008,391
INST004,2019,D009,147
INST004,2019,D010,229
INST004,2019,D011,103
INST004,2019,D012,311
INST004,2019,D013,162
INST004,2019,D014,260
INST004,2019,D015,557
INST004,2019,D016,532
INST004,2019,D017,289
INST004,2019,D018,331
INST004,2019,D019,369
INST004,2019,D020,369
INST004,2019,D021,125
INST004,2019,D022,174
INST004,2019,D023,260
INST004,2019,D024,72
INST004,2019,D025,103
INST004,2019,D026,68
INST004,2019,D027,148
INST004,2019,D028,162
INST004,2019,D029,82
INST004,2019,D030,92
INST004,2019,D031,89
INST004,2019,D032,108
INST004,2019,D033,149
INST004,2019,D034,70
INST004,2019,D035,81
INST004,2019,D036,53
INST004,2019,D037,105
INST004,2019,D038,261
INST004,2019,D039,121
INST004,2019,D040,148
INST004,2019,D041,118
INST004,2019,D042,217
INST004,2019,D043,110
INST004,2019,D044,140
INST004,2019,D045,78
INST004,2019,D046,196
INST004,2019,D047,391
INST004,2019,D048,146
INST004,2019,D049,51
INST004,2019,D050,37
INST004,2020,D001,772
INST004,2020,D002,755
INST004,2020,D003,425
INST004,2020,D004,259
INST004,2020,D005,380
INST004,2020,D006,301
INST004,2020,D007,366
INST004,2020,D008,275
INST004,2020,D009,202
INST004,2020,D010,230
INST004,2020,D011,114
INST004,2020,D012,393
INST004,2020,D013,154
INST004,2020,D014,344
INST004,2020,D015,437
INST004,2020,D016,578
INST004,2020,D017,214
INST004,2020,D018,356
INST004,2020,D019,354
INST004,2020,D020,419
INST004,2020,D021,151
INST004,2020,D022,186
INST004,2020,D023,265
INST004,2020,D024,88
INST004,2020,D025,71
INST004,2020,D026,72
INST004,2020,D027,107
INST004,2020,D028,144
INST004,2020,D029,81
INST004,2020,D030,116
INST004,2020,D031,71
INST004,2020,D032,140
INST004,2020,D033,190
INST004,2020,D034,89
INST004,2020,D035,82
INST004,2020,D036,45
INST004,2020,D037,1463
INST004,2020,D038,267
INST004,2020,D039,117
INST004,2020,D040,161
INST004,2020,D041,120
INST004,2020,D042,201
INST004,2020,D043,102
INST004,2020,D044,126
INST004,2020,D045,85
INST004,2020,D046,182
INST004,2020,D047,404
INST004,2020,D048,126
INST004,2020,D049,57
INST004,2020,D050,50
INST004,2021,D001,1024
INST004,2021,D002,771
INST004,2021,D003,360
INST004,2021,D004,213
INST004,2021,D005,384
INST004,2021,D006,235
INST004,2021,D007,360
INST004,2021,D008,295
INST004,2021,D009,179
INST004,2021,D010,191
INST004,2021,D011,119
INST004,2021,D012,367
INST004,2021,D013,184
INST004,2021,D014,255
INST004,2021,D015,498
INST004,2021,D016,439
INST004,2021,D017,237
INST004,2021,D018,411
INST004,2021,D019,434
INST004,2021,D020,399
INST004,2021,D021,117
INST004,2021,D022,148
INST004,2021,D023,314
INST004,2021,D024,103
INST004,2021,D025,91
INST004,2021,D026,58
INST004,2021,D027,157
INST004,2021,D028,132
INST004,2021,D029,106
INST004,2021,D030,101
INST004,2021,D031,98
INST004,2021,D032,136
INST004,2021,D033,171
INST004,2021,D034,66
INST004,2021,D035,62
INST004,2021,D036,48
INST004,2021,D037,2560
INST004,2021,D038,299
INST004,2021,D039,155
INST004,2021,D040,150
INST004,2021,D041,118
INST004,2021,D042,191
INST004,2021,D043,128
INST004,2021,D044,146
INST004,2021,D045,89
INST004,2021,D046,213
INST004,2021,D047,279
INST004,2021,D048,139
INST004,2021,D049,61
INST004,2021,D050,41
INST004,2022,D001,1090
INST004,2022,D002,689
INST004,2022,D003,491
INST004,2022,D004,187
INST004,2022,D005,352
INST004,2022,D006,353
INST004,2022,D007,459
INST004,2022,D008,330
INST004,2022,D009,217
INST004,2022,D010,197
INST004,2022,D011,118
INST004,2022,D012,392
INST004,2022,D013,138
INST004,2022,D014,328
INST004,2022,D015,567
INST004,2022,D016,600
INST004,2022,D017,230
INST004,2022,D018,317
INST004,2022,D019,420
INST004,2022,D020,437
INST004,2022,D021,161
INST004,2022,D022,170
INST004,2022,D023,233
INST004,2022,D024,73
INST004,2022,D025,85
INST004,2022,D026,69
INST004,2022,D027,125
INST004,2022,D028,125
INST004,2022,D029,80
INST004,2022,D030,99
INST004,2022,D031,94
INST004,2022,D032,124
INST004,2022,D033,149
INST004,2022,D034,78
INST004,2022,D035,61
INST004,2022,D036,57
INST004,2022,D037,1140
INST004,2022,D038,308
INST004,2022,D039,126
INST004,2022,D040,158
INST004,2022,D041,92
INST004,2022,D042,267
INST004,2022,D043,128
INST004,2022,D044,164
INST004,2022,D045,94
INST004,2022,D046,160
INST004,2022,D047,333
INST004,2022,D048,126
INST004,2022,D049,50
INST004,2022,D050,45
INST004,2023,D001,839
INST004,2023,D002,651
INST004,2023,D003,411
INST004,2023,D004,179
INST004,2023,D005,326
INST004,2023,D006,247
INST004,2023,D007,452
INST004,2023,D008,339
INST004,2023,D009,151
INST004,2023,D010,159
INST004,2023,D011,95
INST004,2023,D012,406
INST004,2023,D013,144
INST004,2023,D014,307
INST004,2023,D015,531
INST004,2023,D016,482
INST004,2023,D017,241
INST004,2023,D018,388
INST004,2023,D019,414
INST004,2023,D020,461
INST004,2023,D021,117
INST004,2023,D022,160
INST004,2023,D023,304
INST004,2023,D024,75
INST004,2023,D025,79
INST004,2023,D026,81
INST004,2023,D027,153
INST004,2023,D028,126
INST004,2023,D029,92
INST004,2023,D030,94
INST004,2023,D031,88
INST004,2023,D032,108
INST004,2023,D033,163
INST004,2023,D034,87
INST004,2023,D035,66
INST004,2023,D036,43
INST004,2023,D037,216
INST004,2023,D038,312
INST004,2023,D039,131
INST004,2023,D040,166
INST004,2023,D041,105
INST004,2023,D042,254
INST004,2023,D043,101
INST004,2023,D044,140
INST004,2023,D045,84
INST004,2023,D046,158
INST004,2023,D047,352
INST004,2023,D048,155
INST004,2023,D049,57
INST004,2023,D050,41
INST004,2024,D001,972
INST004,2024,D002,645
INST004,2024,D003,471
INST004,2024,D004,250
INST004,2024,D005,432
INST004,2024,D006,245
INST004,2024,D007,552
INST004,2024,D008,347
INST004,2024,D009,177
INST004,2024,D010,203
INST004,2024,D011,129
INST004,2024,D012,397
INST004,2024,D013,169
INST004,2024,D014,350
INST004,2024,D015,479
INST004,2024,D016,641
INST004,2024,D017,281
INST004,2024,D018,389
INST004,2024,D019,323
INST004,2024,D020,460
INST004,2024,D021,157
INST004,2024,D022,173
INST004,2024,D023,293
INST004,2024,D024,75
INST004,2024,D025,110
INST004,2024,D026,79
INST004,2024,D027,132
INST004,2024,D028,162
INST004,2024,D029,109
INST004,2024,D030,98
INST004,2024,D031,74
INST004,2024,D032,116
INST004,2024,D033,185
INST004,2024,D034,83
INST004,2024,D035,76
INST004,2024,D036,57
INST004,2024,D037,221
INST004,2024,D038,309
INST004,2024,D039,153
INST004,2024,D040,172
INST004,2024,D041,110
INST004,2024,D042,216
INST004,2024,D043,89
INST004,2024,D044,116
INST004,2024,D045,89
INST004,2024,D046,218
INST004,2024,D047,296
INST004,2024,D048,173
INST004,2024,D049,47
INST004,2024,D050,42
INST004,2025,D001,821
INST004,2025,D002,720
INST004,2025,D003,442
INST004,2025,D004,226
INST004,2025,D005,421
INST004,2025,D006,276
INST004,2025,D007,428
INST004,2025,D008,397
INST004,2025,D009,157
INST004,2025,D010,233
INST004,2025,D011,118
INST004,2025,D012,398
INST004,2025,D013,144
INST004,2025,D014,377
INST004,2025,D015,459
INST004,2025,D016,485
INST004,2025,D017,241
INST004,2025,D018,381
INST004,2025,D019,462
INST004,2025,D020,373
INST004,2025,D021,143
INST004,2025,D022,162
INST004,2025,D023,294
INST004,2025,D024,90
INST004,2025,D025,75
INST004,2025,D026,77
INST004,2025,D027,122
INST004,2025,D028,154
INST004,2025,D029,88
INST004,2025,D030,110
INST004,2025,D031,82
INST004,2025,D032,143
INST004,2025,D033,209
INST004,2025,D034,69
INST004,2025,D035,62
INST004,2025,D036,64
INST004,2025,D037,199
INST004,2025,D038,302
INST004,2025,D039,137
INST004,2025,D040,151
INST004,2025,D041,127
INST004,2025,D042,235
INST004,2025,D043,117
INST004,2025,D044,144
INST004,2025,D045,97
INST004,2025,D046,192
INST004,2025,D047,332
INST004,2025,D048,169
INST004,2025,D049,58
INST004,2025,D050,52
INST004,2026,D001,901
INST004,2026,D002,800
INST004,2026,D003,392
INST004,2026,D004,209
INST004,2026,D005,348
INST004,2026,D006,289
INST004,2026,D007,428
INST004,2026,D008,401
INST004,2026,D009,196
INST004,2026,D010,208
INST004,2026,D011,100
INST004,2026,D012,374
INST004,2026,D013,154
INST004,2026,D014,351
INST004,2026,D015,581
INST004,2026,D016,622
INST004,2026,D017,353
INST004,2026,D018,400
INST004,2026,D019,410
INST004,2026,D020,377
INST004,2026,D021,145
INST004,2026,D022,192
INST004,2026,D023,241
INST004,2026,D024,92
INST004,2026,D025,78
INST004,2026,D026,67
INST004,2026,D027,165
INST004,2026,D028,186
INST004,2026,D029,98
INST004,2026,D030,107
INST004,2026,D031,105
INST004,2026,D032,132
INST004,2026,D033,222
INST004,2026,D034,87
INST004,2026,D035,65
INST004,2026,D036,47
INST004,2026,D037,265
INST004,2026,D038,314
INST004,2026,D039,133
INST004,2026,D040,179
INST004,2026,D041,102
INST004,2026,D042,241
INST004,2026,D043,129
INST004,2026,D044,162
INST004,2026,D045,100
INST004,2026,D046,165
INST004,2026,D047,315
INST004,2026,D048,174
INST004,2026,D049,66
INST004,2026,D050,46
INST005,2015,D001,811
INST005,2015,D002,592
INST005,2015,D003,428
INST005,2015,D004,156
INST005,2015,D005,354
INST005,2015,D006,262
INST005,2015,D007,342
INST005,2015,D008,340
INST005,2015,D009,146
INST005,2015,D010,154
INST005,2015,D011,100
INST005,2015,D012,291
INST005,2015,D013,160
INST005,2015,D014,281
INST005,2015,D015,367
INST005,2015,D016,503
INST005,2015,D017,231
INST005,2015,D018,280
INST005,2015,D019,339
INST005,2015,D020,353
INST005,2015,D021,103
INST005,2015,D022,127
INST005,2015,D023,197
INST005,2015,D024,65
INST005,2015,D025,61
INST005,2015,D026,56
INST005,2015,D027,102
INST005,2015,D028,121
INST005,2015,D029,69
INST005,2015,D030,88
INST005,2015,D031,68
INST005,2015,D032,94
INST005,2015,D033,170
INST005,2015,D034,80
INST005,2015,D035,63
INST005,2015,D036,37
INST005,2015,D037,111
INST005,2015,D038,290
INST005,2015,D039,130
INST005,2015,D040,160
INST005,2015,D041,102
INST005,2015,D042,158
INST005,2015,D043,102
INST005,2015,D044,100
INST005,2015,D045,80
INST005,2015,D046,168
INST005,2015,D047,313
INST005,2015,D048,127
INST005,2015,D049,44
INST005,2015,D050,38
INST005,2016,D001,729
INST005,2016,D002,577
INST005,2016,D003,382
INST005,2016,D004,217
INST005,2016,D005,265
INST005,2016,D006,243
INST005,2016,D007,344
INST005,2016,D008,337
INST005,2016,D009,143
INST005,2016,D010,196
INST005,2016,D011,84
INST005,2016,D012,242
INST005,2016,D013,150
INST005,2016,D014,280
INST005,2016,D015,453
INST005,2016,D016,445
INST005,2016,D017,241
INST005,2016,D018,285
INST005,2016,D019,261
INST005,2016,D020,344
INST005,2016,D021,107
INST005,2016,D022,146
INST005,2016,D023,200
INST005,2016,D024,68
INST005,2016,D025,85
INST005,2016,D026,56
INST005,2016,D027,116
INST005,2016,D028,124
INST005,2016,D029,75
INST005,2016,D030,77
INST005,2016,D031,81
INST005,2016,D032,86
INST005,2016,D033,126
INST005,2016,D034,75
INST005,2016,D035,59
INST005,2016,D036,38
INST005,2016,D037,108
INST005,2016,D038,258
INST005,2016,D039,90
INST005,2016,D040,160
INST005,2016,D041,79
INST005,2016,D042,203
INST005,2016,D043,77
INST005,2016,D044,120
INST005,2016,D045,65
INST005,2016,D046,177
INST005,2016,D047,261
INST005,2016,D048,128
INST005,2016,D049,40
INST005,2016,D050,35
INST005,2017,D001,676
INST005,2017,D002,583
INST005,2017,D003,345
INST005,2017,D004,210
INST005,2017,D005,293
INST005,2017,D006,265
INST005,2017,D007,422
INST005,2017,D008,237
INST005,2017,D009,154
INST005,2017,D010,146
INST005,2017,D011,83
INST005,2017,D012,334
INST005,2017,D013,112
INST005,2017,D014,286
INST005,2017,D015,484
INST005,2017,D016,560
INST005,2017,D017,227
INST005,2017,D018,266
INST005,2017,D019,271
INST005,2017,D020,335
INST005,2017,D021,136
INST005,2017,D022,131
INST005,2017,D023,216
INST005,2017,D024,90
INST005,2017,D025,66
INST005,2017,D026,69
INST005,2017,D027,129
INST005,2017,D028,106
INST005,2017,D029,93
INST005,2017,D030,73
INST005,2017,D031,79
INST005,2017,D032,87
INST005,2017,D033,165
INST005,2017,D034,68
INST005,2017,D035,68
INST005,2017,D036,49
INST005,2017,D037,84
INST005,2017,D038,263
INST005,2017,D039,125
INST005,2017,D040,160
INST005,2017,D041,78
INST005,2017,D042,164
INST005,2017,D043,103
INST005,2017,D044,121
INST005,2017,D045,74
INST005,2017,D046,185
INST005,2017,D047,274
INST005,2017,D048,106
INST005,2017,D049,42
INST005,2017,D050,32
INST005,2018,D001,816
INST005,2018,D002,638
INST005,2018,D003,418
INST005,2018,D004,211
INST005,2018,D005,375
INST005,2018,D006,267
INST005,2018,D007,361
INST005,2018,D008,300
INST005,2018,D009,157
INST005,2018,D010,189
INST005,2018,D011,86
INST005,2018,D012,258
INST005,2018,D013,163
INST005,2018,D014,315
INST005,2018,D015,430
INST005,2018,D016,398
INST005,2018,D017,235
INST005,2018,D018,325
INST005,2018,D019,333
INST005,2018,D020,420
INST005,2018,D021,150
INST005,2018,D022,184
INST005,2018,D023,200
INST005,2018,D024,89
INST005,2018,D025,80
INST005,2018,D026,59
INST005,2018,D027,126
INST005,2018,D028,138
INST005,2018,D029,92
INST005,2018,D030,95
INST005,2018,D031,63
INST005,2018,D032,90
INST005,2018,D033,142
INST005,2018,D034,57
INST005,2018,D035,51
INST005,2018,D036,52
INST005,2018,D037,99
INST005,2018,D038,288
INST005,2018,D039,117
INST005,2018,D040,136
INST005,2018,D041,101
INST005,2018,D042,163
INST005,2018,D043,95
INST005,2018,D044,123
INST005,2018,D045,71
INST005,2018,D046,145
INST005,2018,D047,299
INST005,2018,D048,110
INST005,2018,D049,52
INST005,2018,D050,39
INST005,2019,D001,832
INST005,2019,D002,698
INST005,2019,D003,406
INST005,2019,D004,163
INST005,2019,D005,358
INST005,2019,D006,275
INST005,2019,D007,449
INST005,2019,D008,247
INST005,2019,D009,131
INST005,2019,D010,169
INST005,2019,D011,93
INST005,2019,D012,329
INST005,2019,D013,131
INST005,2019,D014,294
INST005,2019,D015,476
INST005,2019,D016,401
INST005,2019,D017,256
INST005,2019,D018,341
INST005,2019,D019,287
INST005,2019,D020,419
INST005,2019,D021,127
INST005,2019,D022,175
INST005,2019,D023,257
INST005,2019,D024,68
INST005,2019,D025,67
INST005,2019,D026,70
INST005,2019,D027,107
INST005,2019,D028,145
INST005,2019,D029,87
INST005,2019,D030,70
INST005,2019,D031,88
INST005,2019,D032,100
INST005,2019,D033,130
INST005,2019,D034,77
INST005,2019,D035,65
INST005,2019,D036,39
INST005,2019,D037,97
INST005,2019,D038,260
INST005,2019,D039,118
INST005,2019,D040,145
INST005,2019,D041,89
INST005,2019,D042,178
INST005,2019,D043,79
INST005,2019,D044,121
INST005,2019,D045,86
INST005,2019,D046,140
INST005,2019,D047,301
INST005,2019,D048,103
INST005,2019,D049,54
INST005,2019,D050,35
INST005,2020,D001,768
INST005,2020,D002,540
INST005,2020,D003,453
INST005,2020,D004,230
INST005,2020,D005,345
INST005,2020,D006,300
INST005,2020,D007,441
INST005,2020,D008,296
INST005,2020,D009,149
INST005,2020,D010,171
INST005,2020,D011,105
INST005,2020,D012,292
INST005,2020,D013,120
INST005,2020,D014,260
INST005,2020,D015,443
INST005,2020,D016,561
INST005,2020,D017,210
INST005,2020,D018,361
INST005,2020,D019,403
INST005,2020,D020,428
INST005,2020,D021,106
INST005,2020,D022,158
INST005,2020,D023,220
INST005,2020,D024,91
INST005,2020,D025,75
INST005,2020,D026,65
INST005,2020,D027,97
INST005,2020,D028,113
INST005,2020,D029,82
INST005,2020,D030,81
INST005,2020,D031,84
INST005,2020,D032,111
INST005,2020,D033,167
INST005,2020,D034,72
INST005,2020,D035,71
INST005,2020,D036,42
INST005,2020,D037,1832
INST005,2020,D038,311
INST005,2020,D039,108
INST005,2020,D040,116
INST005,2020,D041,93
INST005,2020,D042,179
INST005,2020,D043,90
INST005,2020,D044,137
INST005,2020,D045,92
INST005,2020,D046,190
INST005,2020,D047,245
INST005,2020,D048,137
INST005,2020,D049,55
INST005,2020,D050,43
INST005,2021,D001,799
INST005,2021,D002,551
INST005,2021,D003,377
INST005,2021,D004,162
INST005,2021,D005,397
INST005,2021,D006,274
INST005,2021,D007,330
INST005,2021,D008,350
INST005,2021,D009,183
INST005,2021,D010,175
INST005,2021,D011,102
INST005,2021,D012,299
INST005,2021,D013,169
INST005,2021,D014,223
INST005,2021,D015,364
INST005,2021,D016,404
INST005,2021,D017,267
INST005,2021,D018,262
INST005,2021,D019,340
INST005,2021,D020,346
INST005,2021,D021,149
INST005,2021,D022,141
INST005,2021,D023,214
INST005,2021,D024,73
INST005,2021,D025,88
INST005,2021,D026,68
INST005,2021,D027,129
INST005,2021,D028,117
INST005,2021,D029,71
INST005,2021,D030,72
INST005,2021,D031,69
INST005,2021,D032,122
INST005,2021,D033,163
INST005,2021,D034,61
INST005,2021,D035,54
INST005,2021,D036,46
INST005,2021,D037,1916
INST005,2021,D038,280
INST005,2021,D039,140
INST005,2021,D040,125
INST005,2021,D041,87
INST005,2021,D042,178
INST005,2021,D043,80
INST005,2021,D044,102
INST005,2021,D045,84
INST005,2021,D046,178
INST005,2021,D047,323
INST005,2021,D048,103
INST005,2021,D049,53
INST005,2021,D050,36
INST005,2022,D001,715
INST005,2022,D002,585
INST005,2022,D003,384
INST005,2022,D004,213
INST005,2022,D005,302
INST005,2022,D006,304
INST005,2022,D007,323
INST005,2022,D008,290
INST005,2022,D009,156
INST005,2022,D010,192
INST005,2022,D011,85
INST005,2022,D012,313
INST005,2022,D013,160
INST005,2022,D014,231
INST005,2022,D015,352
INST005,2022,D016,540
INST005,2022,D017,284
INST005,2022,D018,271
INST005,2022,D019,377
INST005,2022,D020,339
INST005,2022,D021,134
INST005,2022,D022,168
INST005,2022,D023,246
INST005,2022,D024,71
INST005,2022,D025,89
INST005,2022,D026,51
INST005,2022,D027,98
INST005,2022,D028,147
INST005,2022,D029,77
INST005,2022,D030,74
INST005,2022,D031,92
INST005,2022,D032,126
INST005,2022,D033,148
INST005,2022,D034,58
INST005,2022,D035,62
INST005,2022,D036,41
INST005,2022,D037,1089
INST005,2022,D038,314
INST005,2022,D039,114
INST005,2022,D040,116
INST005,2022,D041,102
INST005,2022,D042,172
INST005,2022,D043,84
INST005,2022,D044,104
INST005,2022,D045,72
INST005,2022,D046,183
INST005,2022,D047,246
INST005,2022,D048,133
INST005,2022,D049,42
INST005,2022,D050,36
INST005,2023,D001,852
INST005,2023,D002,537
INST005,2023,D003,365
INST005,2023,D004,178
INST005,2023,D005,308
INST005,2023,D006,308
INST005,2023,D007,422
INST005,2023,D008,334
INST005,2023,D009,187
INST005,2023,D010,205
INST005,2023,D011,119
INST005,2023,D012,371
INST005,2023,D013,141
INST005,2023,D014,289
INST005,2023,D015,456
INST005,2023,D016,584
INST005,2023,D017,250
INST005,2023,D018,319
INST005,2023,D019,306
INST005,2023,D020,348
INST005,2023,D021,118
INST005,2023,D022,193
INST005,2023,D023,278
INST005,2023,D024,68
INST005,2023,D025,100
INST005,2023,D026,67
INST005,2023,D027,138
INST005,2023,D028,160
INST005,2023,D029,99
INST005,2023,D030,77
INST005,2023,D031,88
INST005,2023,D032,106
INST005,2023,D033,188
INST005,2023,D034,87
INST005,2023,D035,54
INST005,2023,D036,60
INST005,2023,D037,181
INST005,2023,D038,333
INST005,2023,D039,140
INST005,2023,D040,141
INST005,2023,D041,113
INST005,2023,D042,237
INST005,2023,D043,87
INST005,2023,D044,129
INST005,2023,D045,93
INST005,2023,D046,180
INST005,2023,D047,370
INST005,2023,D048,108
INST005,2023,D049,54
INST005,2023,D050,49
INST005,2024,D001,886
INST005,2024,D002,590
INST005,2024,D003,495
INST005,2024,D004,249
INST005,2024,D005,361
INST005,2024,D006,255
INST005,2024,D007,430
INST005,2024,D008,274
INST005,2024,D009,154
INST005,2024,D010,168
INST005,2024,D011,104
INST005,2024,D012,276
INST005,2024,D013,181
INST005,2024,D014,258
INST005,2024,D015,405
INST005,2024,D016,563
INST005,2024,D017,302
INST005,2024,D018,393
INST005,2024,D019,337
INST005,2024,D020,314
INST005,2024,D021,143
INST005,2024,D022,201
INST005,2024,D023,287
INST005,2024,D024,98
INST005,2024,D025,98
INST005,2024,D026,81
INST005,2024,D027,123
INST005,2024,D028,162
INST005,2024,D029,82
INST005,2024,D030,79
INST005,2024,D031,79
INST005,2024,D032,103
INST005,2024,D033,149
INST005,2024,D034,91
INST005,2024,D035,77
INST005,2024,D036,61
INST005,2024,D037,224
INST005,2024,D038,263
INST005,2024,D039,153
INST005,2024,D040,167
INST005,2024,D041,121
INST005,2024,D042,240
INST005,2024,D043,92
INST005,2024,D044,134
INST005,2024,D045,75
INST005,2024,D046,159
INST005,2024,D047,353
INST005,2024,D048,117
INST005,2024,D049,56
INST005,2024,D050,50
INST005,2025,D001,886
INST005,2025,D002,865
INST005,2025,D003,527
INST005,2025,D004,188
INST005,2025,D005,404
INST005,2025,D006,346
INST005,2025,D007,549
INST005,2025,D008,312
INST005,2025,D009,190
INST005,2025,D010,239
INST005,2025,D011,95
INST005,2025,D012,406
INST005,2025,D013,149
INST005,2025,D014,375
INST005,2025,D015,441
INST005,2025,D016,641
INST005,2025,D017,232
INST005,2025,D018,401
INST005,2025,D019,410
INST005,2025,D020,481
INST005,2025,D021,145
INST005,2025,D022,167
INST005,2025,D023,250
INST005,2025,D024,76
INST005,2025,D025,83
INST005,2025,D026,62
INST005,2025,D027,111
INST005,2025,D028,141
INST005,2025,D029,101
INST005,2025,D030,120
INST005,2025,D031,106
INST005,2025,D032,129
INST005,2025,D033,176
INST005,2025,D034,84
INST005,2025,D035,62
INST005,2025,D036,55
INST005,2025,D037,259
INST005,2025,D038,343
INST005,2025,D039,149
INST005,2025,D040,144
INST005,2025,D041,92
INST005,2025,D042,263
INST005,2025,D043,102
INST005,2025,D044,128
INST005,2025,D045,109
INST005,2025,D046,153
INST005,2025,D047,305
INST005,2025,D048,140
INST005,2025,D049,60
INST005,2025,D050,47
INST005,2026,D001,784
INST005,2026,D002,758
INST005,2026,D003,470
INST005,2026,D004,232
INST005,2026,D005,319
INST005,2026,D006,352
INST005,2026,D007,405
INST005,2026,D008,411
INST005,2026,D009,161
INST005,2026,D010,173
INST005,2026,D011,99
INST005,2026,D012,328
INST005,2026,D013,181
INST005,2026,D014,346
INST005,2026,D015,562
INST005,2026,D016,509
INST005,2026,D017,256
INST005,2026,D018,335
INST005,2026,D019,322
INST005,2026,D020,433
INST005,2026,D021,170
INST005,2026,D022,161
INST005,2026,D023,265
INST005,2026,D024,90
INST005,2026,D025,86
INST005,2026,D026,79
INST005,2026,D027,146
INST005,2026,D028,131
INST005,2026,D029,75
INST005,2026,D030,89
INST005,2026,D031,85
INST005,2026,D032,109
INST005,2026,D033,213
INST005,2026,D034,77
INST005,2026,D035,71
INST005,2026,D036,55
INST005,2026,D037,244
INST005,2026,D038,274
INST005,2026,D039,143
INST005,2026,D040,147
INST005,2026,D041,129
INST005,2026,D042,222
INST005,2026,D043,110
INST005,2026,D044,127
INST005,2026,D045,92
INST005,2026,D046,166
INST005,2026,D047,323
INST005,2026,D048,123
INST005,2026,D049,61
INST005,2026,D050,49
INST006,2015,D001,488
INST006,2015,D002,445
INST006,2015,D003,239
INST006,2015,D004,122
INST006,2015,D005,229
INST006,2015,D006,173
INST006,2015,D007,232
INST006,2015,D008,185
INST006,2015,D009,110
INST006,2015,D010,104
INST006,2015,D011,66
INST006,2015,D012,190
INST006,2015,D013,71
INST006,2015,D014,189
INST006,2015,D015,287
INST006,2015,D016,288
INST006,2015,D017,167
INST006,2015,D018,215
INST006,2015,D019,216
INST006,2015,D020,226
INST006,2015,D021,65
INST006,2015,D022,106
INST006,2015,D023,125
INST006,2015,D024,57
INST006,2015,D025,57
INST006,2015,D026,43
INST006,2015,D027,61
INST006,2015,D028,74
INST006,2015,D029,57
INST006,2015,D030,51
INST006,2015,D031,57
INST006,2015,D032,70
INST006,2015,D033,109
INST006,2015,D034,39
INST006,2015,D035,44
INST006,2015,D036,33
INST006,2015,D037,50
INST006,2015,D038,160
INST006,2015,D039,69
INST006,2015,D040,80
INST006,2015,D041,52
INST006,2015,D042,118
INST006,2015,D043,66
INST006,2015,D044,80
INST006,2015,D045,50
INST006,2015,D046,97
INST006,2015,D047,176
INST006,2015,D048,74
INST006,2015,D049,24
INST006,2015,D050,24
INST006,2016,D001,577
INST006,2016,D002,447
INST006,2016,D003,241
INST006,2016,D004,103
INST006,2016,D005,188
INST006,2016,D006,159
INST006,2016,D007,230
INST006,2016,D008,179
INST006,2016,D009,93
INST006,2016,D010,107
INST006,2016,D011,61
INST006,2016,D012,160
INST006,2016,D013,80
INST006,2016,D014,143
INST006,2016,D015,281
INST006,2016,D016,317
INST006,2016,D017,120
INST006,2016,D018,226
INST006,2016,D019,192
INST006,2016,D020,197
INST006,2016,D021,86
INST006,2016,D022,114
INST006,2016,D023,170
INST006,2016,D024,39
INST006,2016,D025,55
INST006,2016,D026,36
INST006,2016,D027,67
INST006,2016,D028,78
INST006,2016,D029,52
INST006,2016,D030,45
INST006,2016,D031,56
INST006,2016,D032,58
INST006,2016,D033,116
INST006,2016,D034,43
INST006,2016,D035,44
INST006,2016,D036,26
INST006,2016,D037,59
INST006,2016,D038,181
INST006,2016,D039,64
INST006,2016,D040,78
INST006,2016,D041,66
INST006,2016,D042,134
INST006,2016,D043,65
INST006,2016,D044,84
INST006,2016,D045,55
INST006,2016,D046,98
INST006,2016,D047,161
INST006,2016,D048,72
INST006,2016,D049,29
INST006,2016,D050,20
INST006,2017,D001,578
INST006,2017,D002,318
INST006,2017,D003,211
INST006,2017,D004,142
INST006,2017,D005,239
INST006,2017,D006,144
INST006,2017,D007,246
INST006,2017,D008,222
INST006,2017,D009,108
INST006,2017,D010,100
INST006,2017,D011,68
INST006,2017,D012,201
INST006,2017,D013,95
INST006,2017,D014,145
INST006,2017,D015,224
INST006,2017,D016,286
INST006,2017,D017,156
INST006,2017,D018,175
INST006,2017,D019,242
INST006,2017,D020,233
INST006,2017,D021,75
INST006,2017,D022,86
INST006,2017,D023,174
INST006,2017,D024,55
INST006,2017,D025,54
INST006,2017,D026,36
INST006,2017,D027,71
INST006,2017,D028,69
INST006,2017,D029,51
INST006,2017,D030,65
INST006,2017,D031,57
INST006,2017,D032,74
INST006,2017,D033,107
INST006,2017,D034,41
INST006,2017,D035,38
INST006,2017,D036,24
INST006,2017,D037,70
INST006,2017,D038,194
INST006,2017,D039,60
INST006,2017,D040,105
INST006,2017,D041,63
INST006,2017,D042,130
INST006,2017,D043,48
INST006,2017,D044,67
INST006,2017,D045,56
INST006,2017,D046,92
INST006,2017,D047,226
INST006,2017,D048,84
INST006,2017,D049,29
INST006,2017,D050,23
INST006,2018,D001,451
INST006,2018,D002,385
INST006,2018,D003,257
INST006,2018,D004,141
INST006,2018,D005,201
INST006,2018,D006,134
INST006,2018,D007,251
INST006,2018,D008,202
INST006,2018,D009,113
INST006,2018,D010,104
INST006,2018,D011,63
INST006,2018,D012,209
INST006,2018,D013,82
INST006,2018,D014,143
INST006,2018,D015,227
INST006,2018,D016,359
INST006,2018,D017,158
INST006,2018,D018,229
INST006,2018,D019,190
INST006,2018,D020,244
INST006,2018,D021,92
INST006,2018,D022,92
INST006,2018,D023,129
INST006,2018,D024,55
INST006,2018,D025,58
INST006,2018,D026,44
INST006,2018,D027,84
INST006,2018,D028,83
INST006,2018,D029,53
INST006,2018,D030,59
INST006,2018,D031,54
INST006,2018,D032,74
INST006,2018,D033,120
INST006,2018,D034,40
INST006,2018,D035,38
INST006,2018,D036,28
INST006,2018,D037,51
INST006,2018,D038,189
INST006,2018,D039,77
INST006,2018,D040,78
INST006,2018,D041,65
INST006,2018,D042,111
INST006,2018,D043,60
INST006,2018,D044,83
INST006,2018,D045,58
INST006,2018,D046,107
INST006,2018,D047,190
INST006,2018,D048,91
INST006,2018,D049,34
INST006,2018,D050,28
INST006,2019,D001,421
INST006,2019,D002,333
INST006,2019,D003,217
INST006,2019,D004,141
INST006,2019,D005,233
INST006,2019,D006,140
INST006,2019,D007,269
INST006,2019,D008,178
INST006,2019,D009,83
INST006,2019,D010,104
INST006,2019,D011,66
INST006,2019,D012,185
INST006,2019,D013,100
INST006,2019,D014,159
INST006,2019,D015,249
INST006,2019,D016,276
INST006,2019,D017,171
INST006,2019,D018,198
INST006,2019,D019,241
INST006,2019,D020,233
INST006,2019,D021,94
INST006,2019,D022,83
INST006,2019,D023,174
INST006,2019,D024,50
INST006,2019,D025,57
INST006,2019,D026,38
INST006,2019,D027,69
INST006,2019,D028,66
INST006,2019,D029,57
INST006,2019,D030,47
INST006,2019,D031,44
INST006,2019,D032,67
INST006,2019,D033,103
INST006,2019,D034,52
INST006,2019,D035,39
INST006,2019,D036,27
INST006,2019,D037,68
INST006,2019,D038,195
INST006,2019,D039,74
INST006,2019,D040,95
INST006,2019,D041,52
INST006,2019,D042,132
INST006,2019,D043,48
INST006,2019,D044,68
INST006,2019,D045,55
INST006,2019,D046,87
INST006,2019,D047,211
INST006,2019,D048,80
INST006,2019,D049,33
INST006,2019,D050,20
INST006,2020,D001,553
INST006,2020,D002,393
INST006,2020,D003,299
INST006,2020,D004,125
INST006,2020,D005,179
INST006,2020,D006,147
INST006,2020,D007,249
INST006,2020,D008,160
INST006,2020,D009,97
INST006,2020,D010,130
INST006,2020,D011,55
INST006,2020,D012,224
INST006,2020,D013,99
INST006,2020,D014,160
INST006,2020,D015,311
INST006,2020,D016,295
INST006,2020,D017,134
INST006,2020,D018,200
INST006,2020,D019,228
INST006,2020,D020,204
INST006,2020,D021,94
INST006,2020,D022,96
INST006,2020,D023,144
INST006,2020,D024,57
INST006,2020,D025,54
INST006,2020,D026,39
INST006,2020,D027,91
INST006,2020,D028,100
INST006,2020,D029,49
INST006,2020,D030,67
INST006,2020,D031,49
INST006,2020,D032,64
INST006,2020,D033,123
INST006,2020,D034,55
INST006,2020,D035,40
INST006,2020,D036,28
INST006,2020,D037,1122
INST006,2020,D038,156
INST006,2020,D039,86
INST006,2020,D040,97
INST006,2020,D041,54
INST006,2020,D042,124
INST006,2020,D043,66
INST006,2020,D044,64
INST006,2020,D045,60
INST006,2020,D046,94
INST006,2020,D047,202
INST006,2020,D048,68
INST006,2020,D049,37
INST006,2020,D050,27
INST006,2021,D001,433
INST006,2021,D002,449
INST006,2021,D003,248
INST006,2021,D004,127
INST006,2021,D005,229
INST006,2021,D006,169
INST006,2021,D007,230
INST006,2021,D008,219
INST006,2021,D009,112
INST006,2021,D010,108
INST006,2021,D011,68
INST006,2021,D012,228
INST006,2021,D013,87
INST006,2021,D014,189
INST006,2021,D015,252
INST006,2021,D016,364
INST006,2021,D017,135
INST006,2021,D018,233
INST006,2021,D019,190
INST006,2021,D020,203
INST006,2021,D021,72
INST006,2021,D022,94
INST006,2021,D023,141
INST006,2021,D024,48
INST006,2021,D025,54
INST006,2021,D026,37
INST006,2021,D027,86
INST006,2021,D028,78
INST006,2021,D029,43
INST006,2021,D030,58
INST006,2021,D031,47
INST006,2021,D032,88
INST006,2021,D033,99
INST006,2021,D034,38
INST006,2021,D035,45
INST006,2021,D036,37
INST006,2021,D037,1531
INST006,2021,D038,200
INST006,2021,D039,69
INST006,2021,D040,80
INST006,2021,D041,64
INST006,2021,D042,145
INST006,2021,D043,54
INST006,2021,D044,72
INST006,2021,D045,47
INST006,2021,D046,128
INST006,2021,D047,187
INST006,2021,D048,84
INST006,2021,D049,27
INST006,2021,D050,23
INST006,2022,D001,467
INST006,2022,D002,445
INST006,2022,D003,226
INST006,2022,D004,139
INST006,2022,D005,179
INST006,2022,D006,180
INST006,2022,D007,208
INST006,2022,D008,221
INST006,2022,D009,108
INST006,2022,D010,97
INST006,2022,D011,57
INST006,2022,D012,198
INST006,2022,D013,96
INST006,2022,D014,199
INST006,2022,D015,234
INST006,2022,D016,344
INST006,2022,D017,133
INST006,2022,D018,195
INST006,2022,D019,253
INST006,2022,D020,208
INST006,2022,D021,77
INST006,2022,D022,116
INST006,2022,D023,171
INST006,2022,D024,54
INST006,2022,D025,57
INST006,2022,D026,34
INST006,2022,D027,82
INST006,2022,D028,67
INST006,2022,D029,60
INST006,2022,D030,48
INST006,2022,D031,49
INST006,2022,D032,73
INST006,2022,D033,114
INST006,2022,D034,49
INST006,2022,D035,35
INST006,2022,D036,29
INST006,2022,D037,639
INST006,2022,D038,144
INST006,2022,D039,82
INST006,2022,D040,104
INST006,2022,D041,72
INST006,2022,D042,108
INST006,2022,D043,71
INST006,2022,D044,64
INST006,2022,D045,49
INST006,2022,D046,83
INST006,2022,D047,175
INST006,2022,D048,75
INST006,2022,D049,33
INST006,2022,D050,27
INST006,2023,D001,579
INST006,2023,D002,449
INST006,2023,D003,321
INST006,2023,D004,149
INST006,2023,D005,220
INST006,2023,D006,181
INST006,2023,D007,303
INST006,2023,D008,178
INST006,2023,D009,119
INST006,2023,D010,111
INST006,2023,D011,63
INST006,2023,D012,240
INST006,2023,D013,96
INST006,2023,D014,216
INST006,2023,D015,316
INST006,2023,D016,402
INST006,2023,D017,138
INST006,2023,D018,237
INST006,2023,D019,203
INST006,2023,D020,288
INST006,2023,D021,102
INST006,2023,D022,128
INST006,2023,D023,139
INST006,2023,D024,55
INST006,2023,D025,50
INST006,2023,D026,53
INST006,2023,D027,69
INST006,2023,D028,79
INST006,2023,D029,59
INST006,2023,D030,59
INST006,2023,D031,50
INST006,2023,D032,77
INST006,2023,D033,125
INST006,2023,D034,49
INST006,2023,D035,51
INST006,2023,D036,32
INST006,2023,D037,116
INST006,2023,D038,196
INST006,2023,D039,89
INST006,2023,D040,85
INST006,2023,D041,65
INST006,2023,D042,143
INST006,2023,D043,53
INST006,2023,D044,70
INST006,2023,D045,58
INST006,2023,D046,117
INST006,2023,D047,196
INST006,2023,D048,90
INST006,2023,D049,29
INST006,2023,D050,30
INST006,2024,D001,553
INST006,2024,D002,375
INST006,2024,D003,249
INST006,2024,D004,143
INST006,2024,D005,251
INST006,2024,D006,196
INST006,2024,D007,289
INST006,2024,D008,236
INST006,2024,D009,127
INST006,2024,D010,108
INST006,2024,D011,77
INST006,2024,D012,208
INST006,2024,D013,98
INST006,2024,D014,225
INST006,2024,D015,381
INST006,2024,D016,322
INST006,2024,D017,177
INST006,2024,D018,253
INST006,2024,D019,201
INST006,2024,D020,228
INST006,2024,D021,80
INST006,2024,D022,127
INST006,2024,D023,191
INST006,2024,D024,49
INST006,2024,D025,61
INST006,2024,D026,40
INST006,2024,D027,102
INST006,2024,D028,89
INST006,2024,D029,57
INST006,2024,D030,71
INST006,2024,D031,63
INST006,2024,D032,69
INST006,2024,D033,113
INST006,2024,D034,61
INST006,2024,D035,53
INST006,2024,D036,36
INST006,2024,D037,159
INST006,2024,D038,200
INST006,2024,D039,93
INST006,2024,D040,124
INST006,2024,D041,59
INST006,2024,D042,146
INST006,2024,D043,71
INST006,2024,D044,71
INST006,2024,D045,68
INST006,2024,D046,132
INST006,2024,D047,220
INST006,2024,D048,93
INST006,2024,D049,41
INST006,2024,D050,25
INST006,2025,D001,618
INST006,2025,D002,376
INST006,2025,D003,259
INST006,2025,D004,147
INST006,2025,D005,274
INST006,2025,D006,181
INST006,2025,D007,270
INST006,2025,D008,256
INST006,2025,D009,132
INST006,2025,D010,137
INST006,2025,D011,61
INST006,2025,D012,268
INST006,2025,D013,121
INST006,2025,D014,189
INST006,2025,D015,265
INST006,2025,D016,328
INST006,2025,D017,183
INST006,2025,D018,249
INST006,2025,D019,218
INST006,2025,D020,275
INST006,2025,D021,103
INST006,2025,D022,122
INST006,2025,D023,199
INST006,2025,D024,59
INST006,2025,D025,49
INST006,2025,D026,47
INST006,2025,D027,77
INST006,2025,D028,85
INST006,2025,D029,60
INST006,2025,D030,74
INST006,2025,D031,60
INST006,2025,D032,93
INST006,2025,D033,113
INST006,2025,D034,54
INST006,2025,D035,42
INST006,2025,D036,28
INST006,2025,D037,130
INST006,2025,D038,196
INST006,2025,D039,87
INST006,2025,D040,108
INST006,2025,D041,65
INST006,2025,D042,155
INST006,2025,D043,77
INST006,2025,D044,77
INST006,2025,D045,64
INST006,2025,D046,127
INST006,2025,D047,217
INST006,2025,D048,73
INST006,2025,D049,29
INST006,2025,D050,30
INST006,2026,D001,595
INST006,2026,D002,364
INST006,2026,D003,237
INST006,2026,D004,121
INST006,2026,D005,258
INST006,2026,D006,186
INST006,2026,D007,248
INST006,2026,D008,226
INST006,2026,D009,87
INST006,2026,D010,134
INST006,2026,D011,54
INST006,2026,D012,248
INST006,2026,D013,106
INST006,2026,D014,210
INST006,2026,D015,326
INST006,2026,D016,332
INST006,2026,D017,145
INST006,2026,D018,241
INST006,2026,D019,254
INST006,2026,D020,222
INST006,2026,D021,92
INST006,2026,D022,126
INST006,2026,D023,155
INST006,2026,D024,64
INST006,2026,D025,64
INST006,2026,D026,40
INST006,2026,D027,82
INST006,2026,D028,69
INST006,2026,D029,48
INST006,2026,D030,62
INST006,2026,D031,60
INST006,2026,D032,86
INST006,2026,D033,122
INST006,2026,D034,56
INST006,2026,D035,46
INST006,2026,D036,34
INST006,2026,D037,146
INST006,2026,D038,192
INST006,2026,D039,84
INST006,2026,D040,108
INST006,2026,D041,76
INST006,2026,D042,124
INST006,2026,D043,56
INST006,2026,D044,87
INST006,2026,D045,47
INST006,2026,D046,94
INST006,2026,D047,206
INST006,2026,D048,82
INST006,2026,D049,31
INST006,2026,D050,27
INST007,2015,D001,448
INST007,2015,D002,361
INST007,2015,D003,258
INST007,2015,D004,107
INST007,2015,D005,179
INST007,2015,D006,147
INST007,2015,D007,203
INST007,2015,D008,221
INST007,2015,D009,103
INST007,2015,D010,116
INST007,2015,D011,59
INST007,2015,D012,204
INST007,2015,D013,84
INST007,2015,D014,188
INST007,2015,D015,253
INST007,2015,D016,264
INST007,2015,D017,130
INST007,2015,D018,164
INST007,2015,D019,209
INST007,2015,D020,216
INST007,2015,D021,80
INST007,2015,D022,83
INST007,2015,D023,132
INST007,2015,D024,43
INST007,2015,D025,46
INST007,2015,D026,37
INST007,2015,D027,66
INST007,2015,D028,87
INST007,2015,D029,50
INST007,2015,D030,65
INST007,2015,D031,56
INST007,2015,D032,82
INST007,2015,D033,79
INST007,2015,D034,47
INST007,2015,D035,38
INST007,2015,D036,34
INST007,2015,D037,65
INST007,2015,D038,182
INST007,2015,D039,88
INST007,2015,D040,95
INST007,2015,D041,55
INST007,2015,D042,144
INST007,2015,D043,70
INST007,2015,D044,71
INST007,2015,D045,50
INST007,2015,D046,90
INST007,2015,D047,219
INST007,2015,D048,89
INST007,2015,D049,28
INST007,2015,D050,27
INST007,2016,D001,412
INST007,2016,D002,456
INST007,2016,D003,212
INST007,2016,D004,126
INST007,2016,D005,249
INST007,2016,D006,139
INST007,2016,D007,298
INST007,2016,D008,194
INST007,2016,D009,81
INST007,2016,D010,91
INST007,2016,D011,64
INST007,2016,D012,223
INST007,2016,D013,104
INST007,2016,D014,166
INST007,2016,D015,233
INST007,2016,D016,307
INST007,2016,D017,163
INST007,2016,D018,240
INST007,2016,D019,235
INST007,2016,D020,240
INST007,2016,D021,94
INST007,2016,D022,110
INST007,2016,D023,130
INST007,2016,D024,49
INST007,2016,D025,47
INST007,2016,D026,33
INST007,2016,D027,62
INST007,2016,D028,90
INST007,2016,D029,51
INST007,2016,D030,57
INST007,2016,D031,44
INST007,2016,D032,63
INST007,2016,D033,96
INST007,2016,D034,47
INST007,2016,D035,39
INST007,2016,D036,24
INST007,2016,D037,67
INST007,2016,D038,179
INST007,2016,D039,79
INST007,2016,D040,95
INST007,2016,D041,66
INST007,2016,D042,130
INST007,2016,D043,65
INST007,2016,D044,62
INST007,2016,D045,59
INST007,2016,D046,85
INST007,2016,D047,213
INST007,2016,D048,74
INST007,2016,D049,25
INST007,2016,D050,27
INST007,2017,D001,490
INST007,2017,D002,425
INST007,2017,D003,243
INST007,2017,D004,129
INST007,2017,D005,183
INST007,2017,D006,156
INST007,2017,D007,286
INST007,2017,D008,198
INST007,2017,D009,121
INST007,2017,D010,96
INST007,2017,D011,65
INST007,2017,D012,238
INST007,2017,D013,103
INST007,2017,D014,190
INST007,2017,D015,267
INST007,2017,D016,362
INST007,2017,D017,156
INST007,2017,D018,209
INST007,2017,D019,182
INST007,2017,D020,184
INST007,2017,D021,85
INST007,2017,D022,103
INST007,2017,D023,181
INST007,2017,D024,47
INST007,2017,D025,56
INST007,2017,D026,47
INST007,2017,D027,72
INST007,2017,D028,79
INST007,2017,D029,54
INST007,2017,D030,56
INST007,2017,D031,44
INST007,2017,D032,63
INST007,2017,D033,116
INST007,2017,D034,40
INST007,2017,D035,35
INST007,2017,D036,34
INST007,2017,D037,73
INST007,2017,D038,204
INST007,2017,D039,90
INST007,2017,D040,110
INST007,2017,D041,60
INST007,2017,D042,130
INST007,2017,D043,56
INST007,2017,D044,63
INST007,2017,D045,42
INST007,2017,D046,111
INST007,2017,D047,193
INST007,2017,D048,76
INST007,2017,D049,26
INST007,2017,D050,27
INST007,2018,D001,535
INST007,2018,D002,462
INST007,2018,D003,227
INST007,2018,D004,125
INST007,2018,D005,224
INST007,2018,D006,150
INST007,2018,D007,264
INST007,2018,D008,199
INST007,2018,D009,96
INST007,2018,D010,104
INST007,2018,D011,59
INST007,2018,D012,164
INST007,2018,D013,82
INST007,2018,D014,154
INST007,2018,D015,308
INST007,2018,D016,298
INST007,2018,D017,174
INST007,2018,D018,174
INST007,2018,D019,234
INST007,2018,D020,264
INST007,2018,D021,80
INST007,2018,D022,96
INST007,2018,D023,141
INST007,2018,D024,52
INST007,2018,D025,44
INST007,2018,D026,42
INST007,2018,D027,87
INST007,2018,D028,93
INST007,2018,D029,43
INST007,2018,D030,57
INST007,2018,D031,46
INST007,2018,D032,82
INST007,2018,D033,84
INST007,2018,D034,38
INST007,2018,D035,33
INST007,2018,D036,30
INST007,2018,D037,52
INST007,2018,D038,184
INST007,2018,D039,73
INST007,2018,D040,95
INST007,2018,D041,71
INST007,2018,D042,130
INST007,2018,D043,62
INST007,2018,D044,91
INST007,2018,D045,50
INST007,2018,D046,113
INST007,2018,D047,183
INST007,2018,D048,72
INST007,2018,D049,34
INST007,2018,D050,27
INST007,2019,D001,515
INST007,2019,D002,409
INST007,2019,D003,240
INST007,2019,D004,130
INST007,2019,D005,233
INST007,2019,D006,190
INST007,2019,D007,293
INST007,2019,D008,207
INST007,2019,D009,90
INST007,2019,D010,115
INST007,2019,D011,61
INST007,2019,D012,182
INST007,2019,D013,110
INST007,2019,D014,188
INST007,2019,D015,341
INST007,2019,D016,343
INST007,2019,D017,155
INST007,2019,D018,197
INST007,2019,D019,194
INST007,2019,D020,233
INST007,2019,D021,68
INST007,2019,D022,99
INST007,2019,D023,128
INST007,2019,D024,46
INST007,2019,D025,60
INST007,2019,D026,39
INST007,2019,D027,77
INST007,2019,D028,82
INST007,2019,D029,42
INST007,2019,D030,68
INST007,2019,D031,48
INST007,2019,D032,79
INST007,2019,D033,105
INST007,2019,D034,53
INST007,2019,D035,47
INST007,2019,D036,28
INST007,2019,D037,67
INST007,2019,D038,159
INST007,2019,D039,83
INST007,2019,D040,88
INST007,2019,D041,66
INST007,2019,D042,148
INST007,2019,D043,63
INST007,2019,D044,74
INST007,2019,D045,60
INST007,2019,D046,105
INST007,2019,D047,186
INST007,2019,D048,95
INST007,2019,D049,31
INST007,2019,D050,25
INST007,2020,D001,542
INST007,2020,D002,361
INST007,2020,D003,225
INST007,2020,D004,112
INST007,2020,D005,240
INST007,2020,D006,153
INST007,2020,D007,237
INST007,2020,D008,194
INST007,2020,D009,117
INST007,2020,D010,101
INST007,2020,D011,58
INST007,2020,D012,243
INST007,2020,D013,106
INST007,2020,D014,182
INST007,2020,D015,295
INST007,2020,D016,287
INST007,2020,D017,140
INST007,2020,D018,245
INST007,2020,D019,184
INST007,2020,D020,199
INST007,2020,D021,89
INST007,2020,D022,93
INST007,2020,D023,171
INST007,2020,D024,44
INST007,2020,D025,55
INST007,2020,D026,35
INST007,2020,D027,73
INST007,2020,D028,75
INST007,2020,D029,64
INST007,2020,D030,62
INST007,2020,D031,55
INST007,2020,D032,61
INST007,2020,D033,117
INST007,2020,D034,51
INST007,2020,D035,39
INST007,2020,D036,27
INST007,2020,D037,1041
INST007,2020,D038,227
INST007,2020,D039,93
INST007,2020,D040,84
INST007,2020,D041,73
INST007,2020,D042,141
INST007,2020,D043,72
INST007,2020,D044,91
INST007,2020,D045,47
INST007,2020,D046,115
INST007,2020,D047,186
INST007,2020,D048,94
INST007,2020,D049,30
INST007,2020,D050,26
INST007,2021,D001,491
INST007,2021,D002,409
INST007,2021,D003,222
INST007,2021,D004,121
INST007,2021,D005,264
INST007,2021,D006,176
INST007,2021,D007,266
INST007,2021,D008,179
INST007,2021,D009,92
INST007,2021,D010,119
INST007,2021,D011,69
INST007,2021,D012,179
INST007,2021,D013,110
INST007,2021,D014,187
INST007,2021,D015,256
INST007,2021,D016,328
INST007,2021,D017,140
INST007,2021,D018,229
INST007,2021,D019,261
INST007,2021,D020,287
INST007,2021,D021,97
INST007,2021,D022,116
INST007,2021,D023,166
INST007,2021,D024,52
INST007,2021,D025,45
INST007,2021,D026,44
INST007,2021,D027,73
INST007,2021,D028,98
INST007,2021,D029,61
INST007,2021,D030,57
INST007,2021,D031,57
INST007,2021,D032,84
INST007,2021,D033,121
INST007,2021,D034,53
INST007,2021,D035,36
INST007,2021,D036,28
INST007,2021,D037,1374
INST007,2021,D038,172
INST007,2021,D039,94
INST007,2021,D040,90
INST007,2021,D041,76
INST007,2021,D042,132
INST007,2021,D043,57
INST007,2021,D044,89
INST007,2021,D045,61
INST007,2021,D046,113
INST007,2021,D047,177
INST007,2021,D048,70
INST007,2021,D049,35
INST007,2021,D050,29
INST007,2022,D001,513
INST007,2022,D002,365
INST007,2022,D003,276
INST007,2022,D004,122
INST007,2022,D005,260
INST007,2022,D006,168
INST007,2022,D007,257
INST007,2022,D008,187
INST007,2022,D009,116
INST007,2022,D010,131
INST007,2022,D011,62
INST007,2022,D012,241
INST007,2022,D013,97
INST007,2022,D014,175
INST007,2022,D015,305
INST007,2022,D016,293
INST007,2022,D017,150
INST007,2022,D018,203
INST007,2022,D019,246
INST007,2022,D020,267
INST007,2022,D021,99
INST007,2022,D022,115
INST007,2022,D023,179
INST007,2022,D024,53
INST007,2022,D025,58
INST007,2022,D026,37
INST007,2022,D027,72
INST007,2022,D028,83
INST007,2022,D029,50
INST007,2022,D030,60
INST007,2022,D031,58
INST007,2022,D032,82
INST007,2022,D033,93
INST007,2022,D034,57
INST007,2022,D035,34
INST007,2022,D036,27
INST007,2022,D037,620
INST007,2022,D038,222
INST007,2022,D039,79
INST007,2022,D040,80
INST007,2022,D041,57
INST007,2022,D042,113
INST007,2022,D043,53
INST007,2022,D044,77
INST007,2022,D045,64
INST007,2022,D046,113
INST007,2022,D047,208
INST007,2022,D048,94
INST007,2022,D049,33
INST007,2022,D050,32
INST007,2023,D001,616
INST007,2023,D002,444
INST007,2023,D003,246
INST007,2023,D004,155
INST007,2023,D005,275
INST007,2023,D006,170
INST007,2023,D007,237
INST007,2023,D008,230
INST007,2023,D009,117
INST007,2023,D010,114
INST007,2023,D011,60
INST007,2023,D012,190
INST007,2023,D013,94
INST007,2023,D014,158
INST007,2023,D015,277
INST007,2023,D016,420
INST007,2023,D017,194
INST007,2023,D018,219
INST007,2023,D019,235
INST007,2023,D020,271
INST007,2023,D021,94
INST007,2023,D022,127
INST007,2023,D023,144
INST007,2023,D024,48
INST007,2023,D025,53
INST007,2023,D026,52
INST007,2023,D027,102
INST007,2023,D028,87
INST007,2023,D029,69
INST007,2023,D030,58
INST007,2023,D031,60
INST007,2023,D032,71
INST007,2023,D033,136
INST007,2023,D034,54
INST007,2023,D035,42
INST007,2023,D036,33
INST007,2023,D037,120
INST007,2023,D038,169
INST007,2023,D039,80
INST007,2023,D040,123
INST007,2023,D041,78
INST007,2023,D042,172
INST007,2023,D043,80
INST007,2023,D044,98
INST007,2023,D045,60
INST007,2023,D046,125
INST007,2023,D047,263
INST007,2023,D048,95
INST007,2023,D049,38
INST007,2023,D050,32
INST007,2024,D001,595
INST007,2024,D002,464
INST007,2024,D003,300
INST007,2024,D004,122
INST007,2024,D005,215
INST007,2024,D006,160
INST007,2024,D007,319
INST007,2024,D008,275
INST007,2024,D009,129
INST007,2024,D010,118
INST007,2024,D011,67
INST007,2024,D012,286
INST007,2024,D013,109
INST007,2024,D014,165
INST007,2024,D015,377
INST007,2024,D016,326
INST007,2024,D017,152
INST007,2024,D018,259
INST007,2024,D019,287
INST007,2024,D020,226
INST007,2024,D021,113
INST007,2024,D022,119
INST007,2024,D023,171
INST007,2024,D024,70
INST007,2024,D025,54
INST007,2024,D026,57
INST007,2024,D027,97
INST007,2024,D028,112
INST007,2024,D029,60
INST007,2024,D030,58
INST007,2024,D031,66
INST007,2024,D032,97
INST007,2024,D033,106
INST007,2024,D034,48
INST007,2024,D035,43
INST007,2024,D036,38
INST007,2024,D037,127
INST007,2024,D038,178
INST007,2024,D039,106
INST007,2024,D040,116
INST007,2024,D041,77
INST007,2024,D042,158
INST007,2024,D043,80
INST007,2024,D044,92
INST007,2024,D045,49
INST007,2024,D046,120
INST007,2024,D047,241
INST007,2024,D048,96
INST007,2024,D049,43
INST007,2024,D050,35
INST007,2025,D001,607
INST007,2025,D002,567
INST007,2025,D003,341
INST007,2025,D004,139
INST007,2025,D005,227
INST007,2025,D006,201
INST007,2025,D007,250
INST007,2025,D008,259
INST007,2025,D009,120
INST007,2025,D010,136
INST007,2025,D011,73
INST007,2025,D012,233
INST007,2025,D013,117
INST007,2025,D014,180
INST007,2025,D015,399
INST007,2025,D016,394
INST007,2025,D017,180
INST007,2025,D018,262
INST007,2025,D019,206
INST007,2025,D020,242
INST007,2025,D021,100
INST007,2025,D022,113
INST007,2025,D023,191
INST007,2025,D024,55
INST007,2025,D025,62
INST007,2025,D026,43
INST007,2025,D027,90
INST007,2025,D028,102
INST007,2025,D029,57
INST007,2025,D030,67
INST007,2025,D031,53
INST007,2025,D032,92
INST007,2025,D033,115
INST007,2025,D034,62
INST007,2025,D035,44
INST007,2025,D036,31
INST007,2025,D037,127
INST007,2025,D038,219
INST007,2025,D039,81
INST007,2025,D040,92
INST007,2025,D041,66
INST007,2025,D042,136
INST007,2025,D043,71
INST007,2025,D044,87
INST007,2025,D045,52
INST007,2025,D046,144
INST007,2025,D047,199
INST007,2025,D048,109
INST007,2025,D049,31
INST007,2025,D050,30
INST007,2026,D001,721
INST007,2026,D002,497
INST007,2026,D003,330
INST007,2026,D004,176
INST007,2026,D005,244
INST007,2026,D006,207
INST007,2026,D007,325
INST007,2026,D008,230
INST007,2026,D009,136
INST007,2026,D010,114
INST007,2026,D011,85
INST007,2026,D012,250
INST007,2026,D013,119
INST007,2026,D014,210
INST007,2026,D015,325
INST007,2026,D016,358
INST007,2026,D017,194
INST007,2026,D018,296
INST007,2026,D019,240
INST007,2026,D020,230
INST007,2026,D021,85
INST007,2026,D022,145
INST007,2026,D023,225
INST007,2026,D024,55
INST007,2026,D025,65
INST007,2026,D026,53
INST007,2026,D027,82
INST007,2026,D028,112
INST007,2026,D029,59
INST007,2026,D030,74
INST007,2026,D031,62
INST007,2026,D032,97
INST007,2026,D033,146
INST007,2026,D034,54
INST007,2026,D035,46
INST007,2026,D036,39
INST007,2026,D037,133
INST007,2026,D038,192
INST007,2026,D039,106
INST007,2026,D040,106
INST007,2026,D041,79
INST007,2026,D042,162
INST007,2026,D043,86
INST007,2026,D044,78
INST007,2026,D045,54
INST007,2026,D046,112
INST007,2026,D047,222
INST007,2026,D048,92
INST007,2026,D049,34
INST007,2026,D050,33
INST008,2015,D001,627
INST008,2015,D002,403
INST008,2015,D003,272
INST008,2015,D004,162
INST008,2015,D005,222
INST008,2015,D006,153
INST008,2015,D007,221
INST008,2015,D008,227
INST008,2015,D009,116
INST008,2015,D010,141
INST008,2015,D011,70
INST008,2015,D012,182
INST008,2015,D013,85
INST008,2015,D014,156
INST008,2015,D015,248
INST008,2015,D016,378
INST008,2015,D017,167
INST008,2015,D018,177
INST008,2015,D019,220
INST008,2015,D020,272
INST008,2015,D021,73
INST008,2015,D022,99
INST008,2015,D023,141
INST008,2015,D024,58
INST008,2015,D025,63
INST008,2015,D026,40
INST008,2015,D027,73
INST008,2015,D028,80
INST008,2015,D029,57
INST008,2015,D030,51
INST008,2015,D031,62
INST008,2015,D032,62
INST008,2015,D033,116
INST008,2015,D034,56
INST008,2015,D035,40
INST008,2015,D036,32
INST008,2015,D037,82
INST008,2015,D038,194
INST008,2015,D039,74
INST008,2015,D040,96
INST008,2015,D041,78
INST008,2015,D042,147
INST008,2015,D043,57
INST008,2015,D044,85
INST008,2015,D045,57
INST008,2015,D046,115
INST008,2015,D047,213
INST008,2015,D048,88
INST008,2015,D049,34
INST008,2015,D050,25
INST008,2016,D001,564
INST008,2016,D002,485
INST008,2016,D003,260
INST008,2016,D004,131
INST008,2016,D005,210
INST008,2016,D006,163
INST008,2016,D007,222
INST008,2016,D008,237
INST008,2016,D009,126
INST008,2016,D010,114
INST008,2016,D011,65
INST008,2016,D012,178
INST008,2016,D013,116
INST008,2016,D014,222
INST008,2016,D015,302
INST008,2016,D016,267
INST008,2016,D017,161
INST008,2016,D018,203
INST008,2016,D019,208
INST008,2016,D020,200
INST008,2016,D021,84
INST008,2016,D022,107
INST008,2016,D023,170
INST008,2016,D024,53
INST008,2016,D025,48
INST008,2016,D026,48
INST008,2016,D027,79
INST008,2016,D028,84
INST008,2016,D029,50
INST008,2016,D030,59
INST008,2016,D031,49
INST008,2016,D032,85
INST008,2016,D033,129
INST008,2016,D034,56
INST008,2016,D035,47
INST008,2016,D036,30
INST008,2016,D037,76
INST008,2016,D038,218
INST008,2016,D039,80
INST008,2016,D040,114
INST008,2016,D041,58
INST008,2016,D042,127
INST008,2016,D043,70
INST008,2016,D044,87
INST008,2016,D045,50
INST008,2016,D046,116
INST008,2016,D047,184
INST008,2016,D048,71
INST008,2016,D049,27
INST008,2016,D050,28
INST008,2017,D001,470
INST008,2017,D002,396
INST008,2017,D003,291
INST008,2017,D004,152
INST008,2017,D005,210
INST008,2017,D006,154
INST008,2017,D007,279
INST008,2017,D008,199
INST008,2017,D009,103
INST008,2017,D010,137
INST008,2017,D011,80
INST008,2017,D012,220
INST008,2017,D013,112
INST008,2017,D014,177
INST008,2017,D015,350
INST008,2017,D016,396
INST008,2017,D017,138
INST008,2017,D018,248
INST008,2017,D019,194
INST008,2017,D020,248
INST008,2017,D021,78
INST008,2017,D022,127
INST008,2017,D023,189
INST008,2017,D024,63
INST008,2017,D025,47
INST008,2017,D026,49
INST008,2017,D027,75
INST008,2017,D028,99
INST008,2017,D029,54
INST008,2017,D030,67
INST008,2017,D031,45
INST008,2017,D032,77
INST008,2017,D033,124
INST008,2017,D034,50
INST008,2017,D035,53
INST008,2017,D036,33
INST008,2017,D037,75
INST008,2017,D038,181
INST008,2017,D039,78
INST008,2017,D040,105
INST008,2017,D041,54
INST008,2017,D042,164
INST008,2017,D043,67
INST008,2017,D044,75
INST008,2017,D045,59
INST008,2017,D046,98
INST008,2017,D047,245
INST008,2017,D048,102
INST008,2017,D049,29
INST008,2017,D050,23
INST008,2018,D001,537
INST008,2018,D002,391
INST008,2018,D003,252
INST008,2018,D004,122
INST008,2018,D005,271
INST008,2018,D006,148
INST008,2018,D007,236
INST008,2018,D008,244
INST008,2018,D009,114
INST008,2018,D010,132
INST008,2018,D011,65
INST008,2018,D012,193
INST008,2018,D013,89
INST008,2018,D014,164
INST008,2018,D015,333
INST008,2018,D016,406
INST008,2018,D017,208
INST008,2018,D018,242
INST008,2018,D019,200
INST008,2018,D020,275
INST008,2018,D021,100
INST008,2018,D022,129
INST008,2018,D023,147
INST008,2018,D024,51
INST008,2018,D025,68
INST008,2018,D026,51
INST008,2018,D027,95
INST008,2018,D028,103
INST008,2018,D029,56
INST008,2018,D030,55
INST008,2018,D031,62
INST008,2018,D032,76
INST008,2018,D033,98
INST008,2018,D034,60
INST008,2018,D035,46
INST008,2018,D036,33
INST008,2018,D037,66
INST008,2018,D038,218
INST008,2018,D039,76
INST008,2018,D040,91
INST008,2018,D041,65
INST008,2018,D042,158
INST008,2018,D043,63
INST008,2018,D044,98
INST008,2018,D045,67
INST008,2018,D046,118
INST008,2018,D047,181
INST008,2018,D048,79
INST008,2018,D049,31
INST008,2018,D050,26
INST008,2019,D001,463
INST008,2019,D002,476
INST008,2019,D003,264
INST008,2019,D004,126
INST008,2019,D005,196
INST008,2019,D006,211
INST008,2019,D007,321
INST008,2019,D008,196
INST008,2019,D009,126
INST008,2019,D010,135
INST008,2019,D011,70
INST008,2019,D012,221
INST008,2019,D013,105
INST008,2019,D014,196
INST008,2019,D015,324
INST008,2019,D016,363
INST008,2019,D017,161
INST008,2019,D018,244
INST008,2019,D019,205
INST008,2019,D020,262
INST008,2019,D021,76
INST008,2019,D022,131
INST008,2019,D023,147
INST008,2019,D024,66
INST008,2019,D025,50
INST008,2019,D026,46
INST008,2019,D027,72
INST008,2019,D028,95
INST008,2019,D029,65
INST008,2019,D030,67
INST008,2019,D031,58
INST008,2019,D032,87
INST008,2019,D033,104
INST008,2019,D034,49
INST008,2019,D035,48
INST008,2019,D036,28
INST008,2019,D037,85
INST008,2019,D038,178
INST008,2019,D039,86
INST008,2019,D040,120
INST008,2019,D041,57
INST008,2019,D042,162
INST008,2019,D043,57
INST008,2019,D044,88
INST008,2019,D045,68
INST008,2019,D046,111
INST008,2019,D047,208
INST008,2019,D048,100
INST008,2019,D049,39
INST008,2019,D050,26
INST008,2020,D001,473
INST008,2020,D002,410
INST008,2020,D003,323
INST008,2020,D004,169
INST008,2020,D005,201
INST008,2020,D006,199
INST008,2020,D007,289
INST008,2020,D008,190
INST008,2020,D009,115
INST008,2020,D010,113
INST008,2020,D011,72
INST008,2020,D012,199
INST008,2020,D013,113
INST008,2020,D014,187
INST008,2020,D015,264
INST008,2020,D016,361
INST008,2020,D017,161
INST008,2020,D018,224
INST008,2020,D019,255
INST008,2020,D020,296
INST008,2020,D021,79
INST008,2020,D022,99
INST008,2020,D023,164
INST008,2020,D024,53
INST008,2020,D025,49
INST008,2020,D026,54
INST008,2020,D027,83
INST008,2020,D028,86
INST008,2020,D029,52
INST008,2020,D030,75
INST008,2020,D031,53
INST008,2020,D032,75
INST008,2020,D033,126
INST008,2020,D034,50
INST008,2020,D035,49
INST008,2020,D036,35
INST008,2020,D037,1148
INST008,2020,D038,177
INST008,2020,D039,94
INST008,2020,D040,120
INST008,2020,D041,61
INST008,2020,D042,169
INST008,2020,D043,67
INST008,2020,D044,82
INST008,2020,D045,62
INST008,2020,D046,136
INST008,2020,D047,225
INST008,2020,D048,92
INST008,2020,D049,41
INST008,2020,D050,26
INST008,2021,D001,524
INST008,2021,D002,526
INST008,2021,D003,229
INST008,2021,D004,166
INST008,2021,D005,266
INST008,2021,D006,172
INST008,2021,D007,301
INST008,2021,D008,229
INST008,2021,D009,138
INST008,2021,D010,112
INST008,2021,D011,57
INST008,2021,D012,222
INST008,2021,D013,90
INST008,2021,D014,190
INST008,2021,D015,335
INST008,2021,D016,316
INST008,2021,D017,199
INST008,2021,D018,197
INST008,2021,D019,238
INST008,2021,D020,310
INST008,2021,D021,103
INST008,2021,D022,128
INST008,2021,D023,197
INST008,2021,D024,51
INST008,2021,D025,66
INST008,2021,D026,50
INST008,2021,D027,91
INST008,2021,D028,109
INST008,2021,D029,61
INST008,2021,D030,59
INST008,2021,D031,64
INST008,2021,D032,85
INST008,2021,D033,98
INST008,2021,D034,43
INST008,2021,D035,52
INST008,2021,D036,33
INST008,2021,D037,1677
INST008,2021,D038,199
INST008,2021,D039,101
INST008,2021,D040,122
INST008,2021,D041,63
INST008,2021,D042,156
INST008,2021,D043,73
INST008,2021,D044,71
INST008,2021,D045,65
INST008,2021,D046,112
INST008,2021,D047,206
INST008,2021,D048,77
INST008,2021,D049,36
INST008,2021,D050,25
INST008,2022,D001,542
INST008,2022,D002,390
INST008,2022,D003,320
INST008,2022,D004,146
INST008,2022,D005,251
INST008,2022,D006,202
INST008,2022,D007,306
INST008,2022,D008,206
INST008,2022,D009,111
INST008,2022,D010,128
INST008,2022,D011,62
INST008,2022,D012,203
INST008,2022,D013,113
INST008,2022,D014,170
INST008,2022,D015,322
INST008,2022,D016,305
INST008,2022,D017,183
INST008,2022,D018,271
INST008,2022,D019,218
INST008,2022,D020,234
INST008,2022,D021,100
INST008,2022,D022,121
INST008,2022,D023,194
INST008,2022,D024,53
INST008,2022,D025,63
INST008,2022,D026,53
INST008,2022,D027,82
INST008,2022,D028,81
INST008,2022,D029,67
INST008,2022,D030,62
INST008,2022,D031,71
INST008,2022,D032,71
INST008,2022,D033,130
INST008,2022,D034,53
INST008,2022,D035,45
INST008,2022,D036,34
INST008,2022,D037,843
INST008,2022,D038,173
INST008,2022,D039,84
INST008,2022,D040,131
INST008,2022,D041,76
INST008,2022,D042,182
INST008,2022,D043,71
INST008,2022,D044,78
INST008,2022,D045,49
INST008,2022,D046,137
INST008,2022,D047,204
INST008,2022,D048,92
INST008,2022,D049,40
INST008,2022,D050,34
INST008,2023,D001,485
INST008,2023,D002,543
INST008,2023,D003,332
INST008,2023,D004,169
INST008,2023,D005,280
INST008,2023,D006,152
INST008,2023,D007,318
INST008,2023,D008,189
INST008,2023,D009,115
INST008,2023,D010,105
INST008,2023,D011,62
INST008,2023,D012,240
INST008,2023,D013,93
INST008,2023,D014,202
INST008,2023,D015,293
INST008,2023,D016,352
INST008,2023,D017,193
INST008,2023,D018,202
INST008,2023,D019,267
INST008,2023,D020,214
INST008,2023,D021,97
INST008,2023,D022,125
INST008,2023,D023,144
INST008,2023,D024,51
INST008,2023,D025,54
INST008,2023,D026,52
INST008,2023,D027,92
INST008,2023,D028,77
INST008,2023,D029,62
INST008,2023,D030,52
INST008,2023,D031,56
INST008,2023,D032,75
INST008,2023,D033,134
INST008,2023,D034,56
INST008,2023,D035,54
INST008,2023,D036,28
INST008,2023,D037,166
INST008,2023,D038,219
INST008,2023,D039,79
INST008,2023,D040,101
INST008,2023,D041,84
INST008,2023,D042,124
INST008,2023,D043,65
INST008,2023,D044,101
INST008,2023,D045,59
INST008,2023,D046,103
INST008,2023,D047,224
INST008,2023,D048,92
INST008,2023,D049,41
INST008,2023,D050,23
INST008,2024,D001,614
INST008,2024,D002,442
INST008,2024,D003,279
INST008,2024,D004,131
INST008,2024,D005,239
INST008,2024,D006,182
INST008,2024,D007,319
INST008,2024,D008,206
INST008,2024,D009,144
INST008,2024,D010,133
INST008,2024,D011,82
INST008,2024,D012,255
INST008,2024,D013,125
INST008,2024,D014,238
INST008,2024,D015,376
INST008,2024,D016,296
INST008,2024,D017,186
INST008,2024,D018,221
INST008,2024,D019,219
INST008,2024,D020,316
INST008,2024,D021,103
INST008,2024,D022,101
INST008,2024,D023,173
INST008,2024,D024,71
INST008,2024,D025,63
INST008,2024,D026,51
INST008,2024,D027,81
INST008,2024,D028,87
INST008,2024,D029,52
INST008,2024,D030,79
INST008,2024,D031,70
INST008,2024,D032,79
INST008,2024,D033,123
INST008,2024,D034,48
INST008,2024,D035,41
INST008,2024,D036,37
INST008,2024,D037,166
INST008,2024,D038,243
INST008,2024,D039,84
INST008,2024,D040,118
INST008,2024,D041,73
INST008,2024,D042,129
INST008,2024,D043,87
INST008,2024,D044,108
INST008,2024,D045,52
INST008,2024,D046,142
INST008,2024,D047,269
INST008,2024,D048,90
INST008,2024,D049,37
INST008,2024,D050,35
INST008,2025,D001,558
INST008,2025,D002,541
INST008,2025,D003,315
INST008,2025,D004,166
INST008,2025,D005,291
INST008,2025,D006,186
INST008,2025,D007,290
INST008,2025,D008,223
INST008,2025,D009,141
INST008,2025,D010,153
INST008,2025,D011,84
INST008,2025,D012,219
INST008,2025,D013,120
INST008,2025,D014,172
INST008,2025,D015,289
INST008,2025,D016,399
INST008,2025,D017,188
INST008,2025,D018,218
INST008,2025,D019,259
INST008,2025,D020,241
INST008,2025,D021,86
INST008,2025,D022,129
INST008,2025,D023,170
INST008,2025,D024,64
INST008,2025,D025,59
INST008,2025,D026,48
INST008,2025,D027,94
INST008,2025,D028,104
INST008,2025,D029,57
INST008,2025,D030,75
INST008,2025,D031,60
INST008,2025,D032,72
INST008,2025,D033,105
INST008,2025,D034,44
INST008,2025,D035,53
INST008,2025,D036,29
INST008,2025,D037,134
INST008,2025,D038,203
INST008,2025,D039,99
INST008,2025,D040,129
INST008,2025,D041,79
INST008,2025,D042,124
INST008,2025,D043,84
INST008,2025,D044,107
INST008,2025,D045,69
INST008,2025,D046,120
INST008,2025,D047,212
INST008,2025,D048,94
INST008,2025,D049,32
INST008,2025,D050,28
INST008,2026,D001,656
INST008,2026,D002,445
INST008,2026,D003,266
INST008,2026,D004,156
INST008,2026,D005,276
INST008,2026,D006,199
INST008,2026,D007,303
INST008,2026,D008,262
INST008,2026,D009,133
INST008,2026,D010,133
INST008,2026,D011,70
INST008,2026,D012,271
INST008,2026,D013,88
INST008,2026,D014,244
INST008,2026,D015,332
INST008,2026,D016,345
INST008,2026,D017,196
INST008,2026,D018,245
INST008,2026,D019,253
INST008,2026,D020,284
INST008,2026,D021,78
INST008,2026,D022,109
INST008,2026,D023,172
INST008,2026,D024,55
INST008,2026,D025,67
INST008,2026,D026,47
INST008,2026,D027,87
INST008,2026,D028,100
INST008,2026,D029,49
INST008,2026,D030,66
INST008,2026,D031,51
INST008,2026,D032,95
INST008,2026,D033,117
INST008,2026,D034,58
INST008,2026,D035,40
INST008,2026,D036,40
INST008,2026,D037,172
INST008,2026,D038,226
INST008,2026,D039,76
INST008,2026,D040,104
INST008,2026,D041,70
INST008,2026,D042,130
INST008,2026,D043,74
INST008,2026,D044,97
INST008,2026,D045,52
INST008,2026,D046,117
INST008,2026,D047,205
INST008,2026,D048,103
INST008,2026,D049,41
INST008,2026,D050,33
INST009,2015,D001,599
INST009,2015,D002,541
INST009,2015,D003,321
INST009,2015,D004,178
INST009,2015,D005,283
INST009,2015,D006,253
INST009,2015,D007,355
INST009,2015,D008,317
INST009,2015,D009,134
INST009,2015,D010,148
INST009,2015,D011,94
INST009,2015,D012,330
INST009,2015,D013,130
INST009,2015,D014,256
INST009,2015,D015,335
INST009,2015,D016,487
INST009,2015,D017,185
INST009,2015,D018,307
INST009,2015,D019,288
INST009,2015,D020,294
INST009,2015,D021,125
INST009,2015,D022,138
INST009,2015,D023,223
INST009,2015,D024,60
INST009,2015,D025,60
INST009,2015,D026,49
INST009,2015,D027,111
INST009,2015,D028,102
INST009,2015,D029,69
INST009,2015,D030,89
INST009,2015,D031,72
INST009,2015,D032,79
INST009,2015,D033,163
INST009,2015,D034,57
INST009,2015,D035,58
INST009,2015,D036,42
INST009,2015,D037,86
INST009,2015,D038,206
INST009,2015,D039,110
INST009,2015,D040,114
INST009,2015,D041,86
INST009,2015,D042,185
INST009,2015,D043,86
INST009,2015,D044,120
INST009,2015,D045,58
INST009,2015,D046,121
INST009,2015,D047,285
INST009,2015,D048,92
INST009,2015,D049,48
INST009,2015,D050,37
INST009,2016,D001,665
INST009,2016,D002,660
INST009,2016,D003,284
INST009,2016,D004,175
INST009,2016,D005,265
INST009,2016,D006,247
INST009,2016,D007,378
INST009,2016,D008,296
INST009,2016,D009,150
INST009,2016,D010,177
INST009,2016,D011,75
INST009,2016,D012,284
INST009,2016,D013,134
INST009,2016,D014,288
INST009,2016,D015,333
INST009,2016,D016,399
INST009,2016,D017,205
INST009,2016,D018,275
INST009,2016,D019,251
INST009,2016,D020,316
INST009,2016,D021,118
INST009,2016,D022,132
INST009,2016,D023,185
INST009,2016,D024,78
INST009,2016,D025,65
INST009,2016,D026,58
INST009,2016,D027,109
INST009,2016,D028,124
INST009,2016,D029,75
INST009,2016,D030,67
INST009,2016,D031,79
INST009,2016,D032,106
INST009,2016,D033,173
INST009,2016,D034,64
INST009,2016,D035,62
INST009,2016,D036,51
INST009,2016,D037,109
INST009,2016,D038,231
INST009,2016,D039,113
INST009,2016,D040,120
INST009,2016,D041,87
INST009,2016,D042,216
INST009,2016,D043,81
INST009,2016,D044,92
INST009,2016,D045,74
INST009,2016,D046,146
INST009,2016,D047,289
INST009,2016,D048,115
INST009,2016,D049,37
INST009,2016,D050,37
INST009,2017,D001,878
INST009,2017,D002,460
INST009,2017,D003,286
INST009,2017,D004,193
INST009,2017,D005,262
INST009,2017,D006,268
INST009,2017,D007,412
INST009,2017,D008,335
INST009,2017,D009,142
INST009,2017,D010,151
INST009,2017,D011,90
INST009,2017,D012,311
INST009,2017,D013,106
INST009,2017,D014,220
INST009,2017,D015,369
INST009,2017,D016,493
INST009,2017,D017,204
INST009,2017,D018,295
INST009,2017,D019,287
INST009,2017,D020,266
INST009,2017,D021,126
INST009,2017,D022,138
INST009,2017,D023,240
INST009,2017,D024,77
INST009,2017,D025,59
INST009,2017,D026,51
INST009,2017,D027,103
INST009,2017,D028,110
INST009,2017,D029,78
INST009,2017,D030,94
INST009,2017,D031,82
INST009,2017,D032,109
INST009,2017,D033,146
INST009,2017,D034,69
INST009,2017,D035,68
INST009,2017,D036,44
INST009,2017,D037,86
INST009,2017,D038,287
INST009,2017,D039,106
INST009,2017,D040,145
INST009,2017,D041,100
INST009,2017,D042,169
INST009,2017,D043,96
INST009,2017,D044,102
INST009,2017,D045,74
INST009,2017,D046,130
INST009,2017,D047,300
INST009,2017,D048,132
INST009,2017,D049,51
INST009,2017,D050,34
INST009,2018,D001,693
INST009,2018,D002,482
INST009,2018,D003,435
INST009,2018,D004,199
INST009,2018,D005,363
INST009,2018,D006,250
INST009,2018,D007,363
INST009,2018,D008,300
INST009,2018,D009,174
INST009,2018,D010,184
INST009,2018,D011,98
INST009,2018,D012,281
INST009,2018,D013,111
INST009,2018,D014,249
INST009,2018,D015,417
INST009,2018,D016,408
INST009,2018,D017,223
INST009,2018,D018,359
INST009,2018,D019,283
INST009,2018,D020,315
INST009,2018,D021,102
INST009,2018,D022,169
INST009,2018,D023,253
INST009,2018,D024,88
INST009,2018,D025,74
INST009,2018,D026,49
INST009,2018,D027,113
INST009,2018,D028,121
INST009,2018,D029,66
INST009,2018,D030,97
INST009,2018,D031,83
INST009,2018,D032,107
INST009,2018,D033,168
INST009,2018,D034,58
INST009,2018,D035,69
INST009,2018,D036,51
INST009,2018,D037,112
INST009,2018,D038,285
INST009,2018,D039,97
INST009,2018,D040,149
INST009,2018,D041,89
INST009,2018,D042,206
INST009,2018,D043,92
INST009,2018,D044,91
INST009,2018,D045,89
INST009,2018,D046,163
INST009,2018,D047,299
INST009,2018,D048,101
INST009,2018,D049,45
INST009,2018,D050,31
INST009,2019,D001,804
INST009,2019,D002,545
INST009,2019,D003,374
INST009,2019,D004,174
INST009,2019,D005,367
INST009,2019,D006,224
INST009,2019,D007,331
INST009,2019,D008,261
INST009,2019,D009,140
INST009,2019,D010,162
INST009,2019,D011,76
INST009,2019,D012,260
INST009,2019,D013,123
INST009,2019,D014,207
INST009,2019,D015,436
INST009,2019,D016,456
INST009,2019,D017,200
INST009,2019,D018,284
INST009,2019,D019,294
INST009,2019,D020,291
INST009,2019,D021,130
INST009,2019,D022,138
INST009,2019,D023,203
INST009,2019,D024,62
INST009,2019,D025,79
INST009,2019,D026,56
INST009,2019,D027,110
INST009,2019,D028,103
INST009,2019,D029,74
INST009,2019,D030,89
INST009,2019,D031,63
INST009,2019,D032,86
INST009,2019,D033,146
INST009,2019,D034,59
INST009,2019,D035,62
INST009,2019,D036,47
INST009,2019,D037,108
INST009,2019,D038,285
INST009,2019,D039,118
INST009,2019,D040,125
INST009,2019,D041,102
INST009,2019,D042,205
INST009,2019,D043,96
INST009,2019,D044,114
INST009,2019,D045,89
INST009,2019,D046,166
INST009,2019,D047,283
INST009,2019,D048,103
INST009,2019,D049,51
INST009,2019,D050,44
INST009,2020,D001,751
INST009,2020,D002,640
INST009,2020,D003,398
INST009,2020,D004,188
INST009,2020,D005,286
INST009,2020,D006,217
INST009,2020,D007,437
INST009,2020,D008,304
INST009,2020,D009,178
INST009,2020,D010,161
INST009,2020,D011,99
INST009,2020,D012,326
INST009,2020,D013,153
INST009,2020,D014,299
INST009,2020,D015,412
INST009,2020,D016,372
INST009,2020,D017,227
INST009,2020,D018,287
INST009,2020,D019,316
INST009,2020,D020,298
INST009,2020,D021,135
INST009,2020,D022,159
INST009,2020,D023,195
INST009,2020,D024,64
INST009,2020,D025,86
INST009,2020,D026,68
INST009,2020,D027,106
INST009,2020,D028,129
INST009,2020,D029,85
INST009,2020,D030,85
INST009,2020,D031,73
INST009,2020,D032,103
INST009,2020,D033,160
INST009,2020,D034,70
INST009,2020,D035,72
INST009,2020,D036,43
INST009,2020,D037,1404
INST009,2020,D038,301
INST009,2020,D039,118
INST009,2020,D040,153
INST009,2020,D041,89
INST009,2020,D042,213
INST009,2020,D043,93
INST009,2020,D044,102
INST009,2020,D045,81
INST009,2020,D046,127
INST009,2020,D047,340
INST009,2020,D048,126
INST009,2020,D049,45
INST009,2020,D050,39
INST009,2021,D001,793
INST009,2021,D002,683
INST009,2021,D003,324
INST009,2021,D004,229
INST009,2021,D005,269
INST009,2021,D006,209
INST009,2021,D007,436
INST009,2021,D008,326
INST009,2021,D009,147
INST009,2021,D010,170
INST009,2021,D011,99
INST009,2021,D012,259
INST009,2021,D013,157
INST009,2021,D014,304
INST009,2021,D015,495
INST009,2021,D016,491
INST009,2021,D017,186
INST009,2021,D018,266
INST009,2021,D019,280
INST009,2021,D020,353
INST009,2021,D021,118
INST009,2021,D022,160
INST009,2021,D023,204
INST009,2021,D024,83
INST009,2021,D025,71
INST009,2021,D026,63
INST009,2021,D027,135
INST009,2021,D028,114
INST009,2021,D029,91
INST009,2021,D030,83
INST009,2021,D031,92
INST009,2021,D032,101
INST009,2021,D033,129
INST009,2021,D034,56
INST009,2021,D035,74
INST009,2021,D036,44
INST009,2021,D037,1664
INST009,2021,D038,249
INST009,2021,D039,110
INST009,2021,D040,142
INST009,2021,D041,76
INST009,2021,D042,209
INST009,2021,D043,105
INST009,2021,D044,109
INST009,2021,D045,88
INST009,2021,D046,177
INST009,2021,D047,263
INST009,2021,D048,134
INST009,2021,D049,44
INST009,2021,D050,35
INST009,2022,D001,743
INST009,2022,D002,619
INST009,2022,D003,399
INST009,2022,D004,193
INST009,2022,D005,286
INST009,2022,D006,238
INST009,2022,D007,456
INST009,2022,D008,336
INST009,2022,D009,134
INST009,2022,D010,205
INST009,2022,D011,100
INST009,2022,D012,266
INST009,2022,D013,116
INST009,2022,D014,213
INST009,2022,D015,467
INST009,2022,D016,465
INST009,2022,D017,228
INST009,2022,D018,373
INST009,2022,D019,273
INST009,2022,D020,371
INST009,2022,D021,120
INST009,2022,D022,153
INST009,2022,D023,261
INST009,2022,D024,81
INST009,2022,D025,75
INST009,2022,D026,54
INST009,2022,D027,117
INST009,2022,D028,127
INST009,2022,D029,76
INST009,2022,D030,80
INST009,2022,D031,68
INST009,2022,D032,113
INST009,2022,D033,160
INST009,2022,D034,79
INST009,2022,D035,55
INST009,2022,D036,46
INST009,2022,D037,1001
INST009,2022,D038,278
INST009,2022,D039,110
INST009,2022,D040,167
INST009,2022,D041,96
INST009,2022,D042,211
INST009,2022,D043,79
INST009,2022,D044,116
INST009,2022,D045,84
INST009,2022,D046,133
INST009,2022,D047,324
INST009,2022,D048,149
INST009,2022,D049,55
INST009,2022,D050,43
INST009,2023,D001,664
INST009,2023,D002,720
INST009,2023,D003,320
INST009,2023,D004,197
INST009,2023,D005,367
INST009,2023,D006,302
INST009,2023,D007,331
INST009,2023,D008,319
INST009,2023,D009,178
INST009,2023,D010,162
INST009,2023,D011,78
INST009,2023,D012,299
INST009,2023,D013,159
INST009,2023,D014,268
INST009,2023,D015,441
INST009,2023,D016,473
INST009,2023,D017,262
INST009,2023,D018,309
INST009,2023,D019,397
INST009,2023,D020,402
INST009,2023,D021,117
INST009,2023,D022,130
INST009,2023,D023,280
INST009,2023,D024,87
INST009,2023,D025,87
INST009,2023,D026,65
INST009,2023,D027,98
INST009,2023,D028,126
INST009,2023,D029,69
INST009,2023,D030,72
INST009,2023,D031,95
INST009,2023,D032,125
INST009,2023,D033,167
INST009,2023,D034,65
INST009,2023,D035,53
INST009,2023,D036,48
INST009,2023,D037,223
INST009,2023,D038,254
INST009,2023,D039,102
INST009,2023,D040,131
INST009,2023,D041,109
INST009,2023,D042,160
INST009,2023,D043,80
INST009,2023,D044,104
INST009,2023,D045,82
INST009,2023,D046,137
INST009,2023,D047,297
INST009,2023,D048,143
INST009,2023,D049,43
INST009,2023,D050,43
INST009,2024,D001,909
INST009,2024,D002,725
INST009,2024,D003,365
INST009,2024,D004,169
INST009,2024,D005,292
INST009,2024,D006,305
INST009,2024,D007,349
INST009,2024,D008,308
INST009,2024,D009,194
INST009,2024,D010,198
INST009,2024,D011,87
INST009,2024,D012,317
INST009,2024,D013,154
INST009,2024,D014,244
INST009,2024,D015,488
INST009,2024,D016,457
INST009,2024,D017,257
INST009,2024,D018,358
INST009,2024,D019,288
INST009,2024,D020,316
INST009,2024,D021,124
INST009,2024,D022,149
INST009,2024,D023,267
INST009,2024,D024,89
INST009,2024,D025,82
INST009,2024,D026,61
INST009,2024,D027,131
INST009,2024,D028,128
INST009,2024,D029,69
INST009,2024,D030,102
INST009,2024,D031,65
INST009,2024,D032,133
INST009,2024,D033,159
INST009,2024,D034,78
INST009,2024,D035,76
INST009,2024,D036,52
INST009,2024,D037,162
INST009,2024,D038,331
INST009,2024,D039,128
INST009,2024,D040,172
INST009,2024,D041,94
INST009,2024,D042,237
INST009,2024,D043,111
INST009,2024,D044,113
INST009,2024,D045,73
INST009,2024,D046,136
INST009,2024,D047,327
INST009,2024,D048,124
INST009,2024,D049,54
INST009,2024,D050,44
INST009,2025,D001,884
INST009,2025,D002,584
INST009,2025,D003,383
INST009,2025,D004,229
INST009,2025,D005,312
INST009,2025,D006,278
INST009,2025,D007,456
INST009,2025,D008,367
INST009,2025,D009,137
INST009,2025,D010,157
INST009,2025,D011,86
INST009,2025,D012,334
INST009,2025,D013,136
INST009,2025,D014,265
INST009,2025,D015,411
INST009,2025,D016,414
INST009,2025,D017,214
INST009,2025,D018,401
INST009,2025,D019,381
INST009,2025,D020,435
INST009,2025,D021,161
INST009,2025,D022,180
INST009,2025,D023,277
INST009,2025,D024,72
INST009,2025,D025,97
INST009,2025,D026,58
INST009,2025,D027,136
INST009,2025,D028,158
INST009,2025,D029,87
INST009,2025,D030,111
INST009,2025,D031,98
INST009,2025,D032,128
INST009,2025,D033,153
INST009,2025,D034,75
INST009,2025,D035,80
INST009,2025,D036,54
INST009,2025,D037,244
INST009,2025,D038,272
INST009,2025,D039,124
INST009,2025,D040,178
INST009,2025,D041,113
INST009,2025,D042,198
INST009,2025,D043,88
INST009,2025,D044,106
INST009,2025,D045,94
INST009,2025,D046,162
INST009,2025,D047,302
INST009,2025,D048,112
INST009,2025,D049,60
INST009,2025,D050,38
INST009,2026,D001,826
INST009,2026,D002,757
INST009,2026,D003,415
INST009,2026,D004,180
INST009,2026,D005,347
INST009,2026,D006,227
INST009,2026,D007,459
INST009,2026,D008,279
INST009,2026,D009,175
INST009,2026,D010,212
INST009,2026,D011,108
INST009,2026,D012,279
INST009,2026,D013,123
INST009,2026,D014,290
INST009,2026,D015,410
INST009,2026,D016,486
INST009,2026,D017,288
INST009,2026,D018,285
INST009,2026,D019,367
INST009,2026,D020,437
INST009,2026,D021,141
INST009,2026,D022,150
INST009,2026,D023,268
INST009,2026,D024,96
INST009,2026,D025,85
INST009,2026,D026,66
INST009,2026,D027,146
INST009,2026,D028,132
INST009,2026,D029,80
INST009,2026,D030,103
INST009,2026,D031,92
INST009,2026,D032,129
INST009,2026,D033,168
INST009,2026,D034,59
INST009,2026,D035,78
INST009,2026,D036,56
INST009,2026,D037,201
INST009,2026,D038,298
INST009,2026,D039,146
INST009,2026,D040,140
INST009,2026,D041,106
INST009,2026,D042,199
INST009,2026,D043,104
INST009,2026,D044,147
INST009,2026,D045,69
INST009,2026,D046,168
INST009,2026,D047,373
INST009,2026,D048,110
INST009,2026,D049,48
INST009,2026,D050,45
INST010,2015,D001,557
INST010,2015,D002,508
INST010,2015,D003,287
INST010,2015,D004,184
INST010,2015,D005,332
INST010,2015,D006,230
INST010,2015,D007,322
INST010,2015,D008,216
INST010,2015,D009,143
INST010,2015,D010,164
INST010,2015,D011,70
INST010,2015,D012,239
INST010,2015,D013,133
INST010,2015,D014,240
INST010,2015,D015,374
INST010,2015,D016,338
INST010,2015,D017,208
INST010,2015,D018,252
INST010,2015,D019,290
INST010,2015,D020,348
INST010,2015,D021,107
INST010,2015,D022,163
INST010,2015,D023,167
INST010,2015,D024,56
INST010,2015,D025,76
INST010,2015,D026,44
INST010,2015,D027,86
INST010,2015,D028,122
INST010,2015,D029,72
INST010,2015,D030,73
INST010,2015,D031,73
INST010,2015,D032,109
INST010,2015,D033,117
INST010,2015,D034,63
INST010,2015,D035,63
INST010,2015,D036,33
INST010,2015,D037,73
INST010,2015,D038,253
INST010,2015,D039,101
INST010,2015,D040,143
INST010,2015,D041,67
INST010,2015,D042,184
INST010,2015,D043,69
INST010,2015,D044,89
INST010,2015,D045,56
INST010,2015,D046,126
INST010,2015,D047,290
INST010,2015,D048,107
INST010,2015,D049,35
INST010,2015,D050,35
INST010,2016,D001,588
INST010,2016,D002,543
INST010,2016,D003,375
INST010,2016,D004,155
INST010,2016,D005,328
INST010,2016,D006,216
INST010,2016,D007,392
INST010,2016,D008,316
INST010,2016,D009,149
INST010,2016,D010,142
INST010,2016,D011,99
INST010,2016,D012,287
INST010,2016,D013,107
INST010,2016,D014,269
INST010,2016,D015,429
INST010,2016,D016,463
INST010,2016,D017,217
INST010,2016,D018,260
INST010,2016,D019,248
INST010,2016,D020,269
INST010,2016,D021,107
INST010,2016,D022,150
INST010,2016,D023,213
INST010,2016,D024,68
INST010,2016,D025,81
INST010,2016,D026,45
INST010,2016,D027,87
INST010,2016,D028,127
INST010,2016,D029,72
INST010,2016,D030,85
INST010,2016,D031,56
INST010,2016,D032,97
INST010,2016,D033,112
INST010,2016,D034,54
INST010,2016,D035,46
INST010,2016,D036,44
INST010,2016,D037,101
INST010,2016,D038,236
INST010,2016,D039,117
INST010,2016,D040,139
INST010,2016,D041,90
INST010,2016,D042,154
INST010,2016,D043,88
INST010,2016,D044,105
INST010,2016,D045,67
INST010,2016,D046,164
INST010,2016,D047,277
INST010,2016,D048,91
INST010,2016,D049,36
INST010,2016,D050,34
INST010,2017,D001,752
INST010,2017,D002,621
INST010,2017,D003,322
INST010,2017,D004,143
INST010,2017,D005,268
INST010,2017,D006,194
INST010,2017,D007,362
INST010,2017,D008,228
INST010,2017,D009,135
INST010,2017,D010,174
INST010,2017,D011,87
INST010,2017,D012,254
INST010,2017,D013,142
INST010,2017,D014,259
INST010,2017,D015,358
INST010,2017,D016,377
INST010,2017,D017,240
INST010,2017,D018,307
INST010,2017,D019,357
INST010,2017,D020,318
INST010,2017,D021,99
INST010,2017,D022,152
INST010,2017,D023,175
INST010,2017,D024,75
INST010,2017,D025,65
INST010,2017,D026,55
INST010,2017,D027,100
INST010,2017,D028,128
INST010,2017,D029,79
INST010,2017,D030,64
INST010,2017,D031,78
INST010,2017,D032,117
INST010,2017,D033,124
INST010,2017,D034,71
INST010,2017,D035,56
INST010,2017,D036,36
INST010,2017,D037,104
INST010,2017,D038,272
INST010,2017,D039,111
INST010,2017,D040,119
INST010,2017,D041,75
INST010,2017,D042,191
INST010,2017,D043,79
INST010,2017,D044,119
INST010,2017,D045,66
INST010,2017,D046,120
INST010,2017,D047,298
INST010,2017,D048,131
INST010,2017,D049,40
INST010,2017,D050,31
INST010,2018,D001,711
INST010,2018,D002,645
INST010,2018,D003,294
INST010,2018,D004,209
INST010,2018,D005,295
INST010,2018,D006,218
INST010,2018,D007,305
INST010,2018,D008,296
INST010,2018,D009,150
INST010,2018,D010,187
INST010,2018,D011,75
INST010,2018,D012,243
INST010,2018,D013,138
INST010,2018,D014,200
INST010,2018,D015,336
INST010,2018,D016,490
INST010,2018,D017,211
INST010,2018,D018,248
INST010,2018,D019,281
INST010,2018,D020,372
INST010,2018,D021,119
INST010,2018,D022,159
INST010,2018,D023,226
INST010,2018,D024,74
INST010,2018,D025,62
INST010,2018,D026,68
INST010,2018,D027,122
INST010,2018,D028,95
INST010,2018,D029,81
INST010,2018,D030,78
INST010,2018,D031,85
INST010,2018,D032,103
INST010,2018,D033,162
INST010,2018,D034,58
INST010,2018,D035,62
INST010,2018,D036,47
INST010,2018,D037,81
INST010,2018,D038,233
INST010,2018,D039,110
INST010,2018,D040,149
INST010,2018,D041,89
INST010,2018,D042,153
INST010,2018,D043,88
INST010,2018,D044,86
INST010,2018,D045,85
INST010,2018,D046,116
INST010,2018,D047,268
INST010,2018,D048,126
INST010,2018,D049,34
INST010,2018,D050,36
INST010,2019,D001,814
INST010,2019,D002,640
INST010,2019,D003,342
INST010,2019,D004,162
INST010,2019,D005,312
INST010,2019,D006,187
INST010,2019,D007,397
INST010,2019,D008,326
INST010,2019,D009,124
INST010,2019,D010,146
INST010,2019,D011,92
INST010,2019,D012,243
INST010,2019,D013,129
INST010,2019,D014,227
INST010,2019,D015,432
INST010,2019,D016,498
INST010,2019,D017,239
INST010,2019,D018,235
INST010,2019,D019,299
INST010,2019,D020,362
INST010,2019,D021,133
INST010,2019,D022,139
INST010,2019,D023,243
INST010,2019,D024,68
INST010,2019,D025,71
INST010,2019,D026,61
INST010,2019,D027,124
INST010,2019,D028,96
INST010,2019,D029,84
INST010,2019,D030,74
INST010,2019,D031,59
INST010,2019,D032,98
INST010,2019,D033,132
INST010,2019,D034,77
INST010,2019,D035,59
INST010,2019,D036,48
INST010,2019,D037,102
INST010,2019,D038,211
INST010,2019,D039,125
INST010,2019,D040,143
INST010,2019,D041,71
INST010,2019,D042,214
INST010,2019,D043,93
INST010,2019,D044,126
INST010,2019,D045,61
INST010,2019,D046,137
INST010,2019,D047,289
INST010,2019,D048,110
INST010,2019,D049,37
INST010,2019,D050,37
INST010,2020,D001,774
INST010,2020,D002,491
INST010,2020,D003,408
INST010,2020,D004,159
INST010,2020,D005,253
INST010,2020,D006,226
INST010,2020,D007,419
INST010,2020,D008,280
INST010,2020,D009,169
INST010,2020,D010,138
INST010,2020,D011,94
INST010,2020,D012,254
INST010,2020,D013,121
INST010,2020,D014,220
INST010,2020,D015,421
INST010,2020,D016,390
INST010,2020,D017,176
INST010,2020,D018,268
INST010,2020,D019,298
INST010,2020,D020,324
INST010,2020,D021,97
INST010,2020,D022,154
INST010,2020,D023,229
INST010,2020,D024,72
INST010,2020,D025,65
INST010,2020,D026,59
INST010,2020,D027,120
INST010,2020,D028,134
INST010,2020,D029,80
INST010,2020,D030,92
INST010,2020,D031,59
INST010,2020,D032,115
INST010,2020,D033,140
INST010,2020,D034,53
INST010,2020,D035,66
INST010,2020,D036,39
INST010,2020,D037,1656
INST010,2020,D038,210
INST010,2020,D039,97
INST010,2020,D040,138
INST010,2020,D041,85
INST010,2020,D042,205
INST010,2020,D043,86
INST010,2020,D044,112
INST010,2020,D045,65
INST010,2020,D046,169
INST010,2020,D047,275
INST010,2020,D048,97
INST010,2020,D049,40
INST010,2020,D050,34
INST010,2021,D001,697
INST010,2021,D002,489
INST010,2021,D003,419
INST010,2021,D004,169
INST010,2021,D005,376
INST010,2021,D006,257
INST010,2021,D007,367
INST010,2021,D008,270
INST010,2021,D009,161
INST010,2021,D010,155
INST010,2021,D011,94
INST010,2021,D012,328
INST010,2021,D013,155
INST010,2021,D014,253
INST010,2021,D015,385
INST010,2021,D016,389
INST010,2021,D017,254
INST010,2021,D018,264
INST010,2021,D019,288
INST010,2021,D020,340
INST010,2021,D021,144
INST010,2021,D022,168
INST010,2021,D023,186
INST010,2021,D024,71
INST010,2021,D025,74
INST010,2021,D026,52
INST010,2021,D027,133
INST010,2021,D028,132
INST010,2021,D029,69
INST010,2021,D030,99
INST010,2021,D031,86
INST010,2021,D032,114
INST010,2021,D033,162
INST010,2021,D034,58
INST010,2021,D035,54
INST010,2021,D036,37
INST010,2021,D037,1776
INST010,2021,D038,226
INST010,2021,D039,103
INST010,2021,D040,119
INST010,2021,D041,93
INST010,2021,D042,154
INST010,2021,D043,84
INST010,2021,D044,107
INST010,2021,D045,72
INST010,2021,D046,154
INST010,2021,D047,250
INST010,2021,D048,112
INST010,2021,D049,53
INST010,2021,D050,36
INST010,2022,D001,653
INST010,2022,D002,584
INST010,2022,D003,339
INST010,2022,D004,152
INST010,2022,D005,350
INST010,2022,D006,290
INST010,2022,D007,355
INST010,2022,D008,313
INST010,2022,D009,150
INST010,2022,D010,153
INST010,2022,D011,107
INST010,2022,D012,363
INST010,2022,D013,141
INST010,2022,D014,222
INST010,2022,D015,430
INST010,2022,D016,531
INST010,2022,D017,223
INST010,2022,D018,327
INST010,2022,D019,349
INST010,2022,D020,397
INST010,2022,D021,104
INST010,2022,D022,155
INST010,2022,D023,211
INST010,2022,D024,73
INST010,2022,D025,86
INST010,2022,D026,59
INST010,2022,D027,95
INST010,2022,D028,100
INST010,2022,D029,80
INST010,2022,D030,86
INST010,2022,D031,67
INST010,2022,D032,125
INST010,2022,D033,138
INST010,2022,D034,55
INST010,2022,D035,61
INST010,2022,D036,44
INST010,2022,D037,1083
INST010,2022,D038,222
INST010,2022,D039,114
INST010,2022,D040,120
INST010,2022,D041,84
INST010,2022,D042,198
INST010,2022,D043,107
INST010,2022,D044,132
INST010,2022,D045,71
INST010,2022,D046,130
INST010,2022,D047,330
INST010,2022,D048,115
INST010,2022,D049,43
INST010,2022,D050,34
INST010,2023,D001,904
INST010,2023,D002,681
INST010,2023,D003,304
INST010,2023,D004,207
INST010,2023,D005,311
INST010,2023,D006,290
INST010,2023,D007,425
INST010,2023,D008,264
INST010,2023,D009,170
INST010,2023,D010,198
INST010,2023,D011,88
INST010,2023,D012,352
INST010,2023,D013,117
INST010,2023,D014,267
INST010,2023,D015,348
INST010,2023,D016,402
INST010,2023,D017,225
INST010,2023,D018,348
INST010,2023,D019,381
INST010,2023,D020,282
INST010,2023,D021,143
INST010,2023,D022,167
INST010,2023,D023,190
INST010,2023,D024,73
INST010,2023,D025,88
INST010,2023,D026,58
INST010,2023,D027,116
INST010,2023,D028,131
INST010,2023,D029,83
INST010,2023,D030,71
INST010,2023,D031,66
INST010,2023,D032,101
INST010,2023,D033,155
INST010,2023,D034,55
INST010,2023,D035,68
INST010,2023,D036,51
INST010,2023,D037,171
INST010,2023,D038,272
INST010,2023,D039,112
INST010,2023,D040,110
INST010,2023,D041,73
INST010,2023,D042,171
INST010,2023,D043,107
INST010,2023,D044,129
INST010,2023,D045,75
INST010,2023,D046,161
INST010,2023,D047,333
INST010,2023,D048,117
INST010,2023,D049,45
INST010,2023,D050,40
INST010,2024,D001,642
INST010,2024,D002,538
INST010,2024,D003,435
INST010,2024,D004,156
INST010,2024,D005,349
INST010,2024,D006,250
INST010,2024,D007,388
INST010,2024,D008,330
INST010,2024,D009,159
INST010,2024,D010,165
INST010,2024,D011,98
INST010,2024,D012,257
INST010,2024,D013,137
INST010,2024,D014,265
INST010,2024,D015,474
INST010,2024,D016,393
INST010,2024,D017,187
INST010,2024,D018,281
INST010,2024,D019,366
INST010,2024,D020,291
INST010,2024,D021,104
INST010,2024,D022,137
INST010,2024,D023,220
INST010,2024,D024,88
INST010,2024,D025,71
INST010,2024,D026,55
INST010,2024,D027,115
INST010,2024,D028,142
INST010,2024,D029,76
INST010,2024,D030,92
INST010,2024,D031,66
INST010,2024,D032,88
INST010,2024,D033,166
INST010,2024,D034,69
INST010,2024,D035,69
INST010,2024,D036,51
INST010,2024,D037,199
INST010,2024,D038,244
INST010,2024,D039,122
INST010,2024,D040,146
INST010,2024,D041,76
INST010,2024,D042,195
INST010,2024,D043,102
INST010,2024,D044,91
INST010,2024,D045,76
INST010,2024,D046,143
INST010,2024,D047,286
INST010,2024,D048,113
INST010,2024,D049,52
INST010,2024,D050,31
INST010,2025,D001,671
INST010,2025,D002,516
INST010,2025,D003,420
INST010,2025,D004,197
INST010,2025,D005,359
INST010,2025,D006,244
INST010,2025,D007,382
INST010,2025,D008,293
INST010,2025,D009,166
INST010,2025,D010,140
INST010,2025,D011,89
INST010,2025,D012,251
INST010,2025,D013,153
INST010,2025,D014,300
INST010,2025,D015,412
INST010,2025,D016,419
INST010,2025,D017,214
INST010,2025,D018,340
INST010,2025,D019,366
INST010,2025,D020,353
INST010,2025,D021,133
INST010,2025,D022,141
INST010,2025,D023,245
INST010,2025,D024,61
INST010,2025,D025,85
INST010,2025,D026,53
INST010,2025,D027,129
INST010,2025,D028,103
INST010,2025,D029,67
INST010,2025,D030,70
INST010,2025,D031,64
INST010,2025,D032,87
INST010,2025,D033,162
INST010,2025,D034,75
INST010,2025,D035,50
INST010,2025,D036,50
INST010,2025,D037,204
INST010,2025,D038,216
INST010,2025,D039,95
INST010,2025,D040,151
INST010,2025,D041,91
INST010,2025,D042,155
INST010,2025,D043,76
INST010,2025,D044,102
INST010,2025,D045,62
INST010,2025,D046,161
INST010,2025,D047,316
INST010,2025,D048,134
INST010,2025,D049,52
INST010,2025,D050,33
INST010,2026,D001,750
INST010,2026,D002,629
INST010,2026,D003,344
INST010,2026,D004,244
INST010,2026,D005,424
INST010,2026,D006,324
INST010,2026,D007,403
INST010,2026,D008,281
INST010,2026,D009,171
INST010,2026,D010,206
INST010,2026,D011,92
INST010,2026,D012,353
INST010,2026,D013,129
INST010,2026,D014,300
INST010,2026,D015,380
INST010,2026,D016,456
INST010,2026,D017,225
INST010,2026,D018,313
INST010,2026,D019,418
INST010,2026,D020,392
INST010,2026,D021,163
INST010,2026,D022,144
INST010,2026,D023,228
INST010,2026,D024,85
INST010,2026,D025,92
INST010,2026,D026,65
INST010,2026,D027,133
INST010,2026,D028,134
INST010,2026,D029,101
INST010,2026,D030,82
INST010,2026,D031,80
INST010,2026,D032,114
INST010,2026,D033,152
INST010,2026,D034,68
INST010,2026,D035,58
INST010,2026,D036,61
INST010,2026,D037,178
INST010,2026,D038,253
INST010,2026,D039,110
INST010,2026,D040,170
INST010,2026,D041,111
INST010,2026,D042,219
INST010,2026,D043,84
INST010,2026,D044,119
INST010,2026,D045,72
INST010,2026,D046,156
INST010,2026,D047,339
INST010,2026,D048,127
INST010,2026,D049,61
INST010,2026,D050,41
INST011,2015,D001,741
INST011,2015,D002,443
INST011,2015,D003,258
INST011,2015,D004,184
INST011,2015,D005,270
INST011,2015,D006,222
INST011,2015,D007,283
INST011,2015,D008,296
INST011,2015,D009,129
INST011,2015,D010,120
INST011,2015,D011,75
INST011,2015,D012,276
INST011,2015,D013,97
INST011,2015,D014,189
INST011,2015,D015,342
INST011,2015,D016,403
INST011,2015,D017,163
INST011,2015,D018,303
INST011,2015,D019,324
INST011,2015,D020,241
INST011,2015,D021,123
INST011,2015,D022,121
INST011,2015,D023,202
INST011,2015,D024,77
INST011,2015,D025,55
INST011,2015,D026,58
INST011,2015,D027,106
INST011,2015,D028,94
INST011,2015,D029,70
INST011,2015,D030,73
INST011,2015,D031,59
INST011,2015,D032,101
INST011,2015,D033,137
INST011,2015,D034,56
INST011,2015,D035,51
INST011,2015,D036,40
INST011,2015,D037,78
INST011,2015,D038,225
INST011,2015,D039,88
INST011,2015,D040,129
INST011,2015,D041,65
INST011,2015,D042,146
INST011,2015,D043,77
INST011,2015,D044,102
INST011,2015,D045,55
INST011,2015,D046,109
INST011,2015,D047,202
INST011,2015,D048,85
INST011,2015,D049,41
INST011,2015,D050,38
INST011,2016,D001,706
INST011,2016,D002,442
INST011,2016,D003,331
INST011,2016,D004,138
INST011,2016,D005,229
INST011,2016,D006,232
INST011,2016,D007,364
INST011,2016,D008,279
INST011,2016,D009,116
INST011,2016,D010,154
INST011,2016,D011,78
INST011,2016,D012,238
INST011,2016,D013,111
INST011,2016,D014,256
INST011,2016,D015,369
INST011,2016,D016,466
INST011,2016,D017,160
INST011,2016,D018,256
INST011,2016,D019,322
INST011,2016,D020,282
INST011,2016,D021,97
INST011,2016,D022,125
INST011,2016,D023,194
INST011,2016,D024,53
INST011,2016,D025,67
INST011,2016,D026,60
INST011,2016,D027,91
INST011,2016,D028,114
INST011,2016,D029,65
INST011,2016,D030,61
INST011,2016,D031,71
INST011,2016,D032,91
INST011,2016,D033,111
INST011,2016,D034,63
INST011,2016,D035,56
INST011,2016,D036,42
INST011,2016,D037,85
INST011,2016,D038,228
INST011,2016,D039,112
INST011,2016,D040,118
INST011,2016,D041,75
INST011,2016,D042,164
INST011,2016,D043,93
INST011,2016,D044,103
INST011,2016,D045,62
INST011,2016,D046,156
INST011,2016,D047,232
INST011,2016,D048,85
INST011,2016,D049,32
INST011,2016,D050,37
INST011,2017,D001,732
INST011,2017,D002,422
INST011,2017,D003,370
INST011,2017,D004,156
INST011,2017,D005,235
INST011,2017,D006,200
INST011,2017,D007,314
INST011,2017,D008,238
INST011,2017,D009,142
INST011,2017,D010,132
INST011,2017,D011,84
INST011,2017,D012,276
INST011,2017,D013,139
INST011,2017,D014,187
INST011,2017,D015,338
INST011,2017,D016,374
INST011,2017,D017,161
INST011,2017,D018,248
INST011,2017,D019,275
INST011,2017,D020,344
INST011,2017,D021,109
INST011,2017,D022,154
INST011,2017,D023,181
INST011,2017,D024,71
INST011,2017,D025,69
INST011,2017,D026,63
INST011,2017,D027,95
INST011,2017,D028,102
INST011,2017,D029,68
INST011,2017,D030,82
INST011,2017,D031,56
INST011,2017,D032,99
INST011,2017,D033,124
INST011,2017,D034,60
INST011,2017,D035,59
INST011,2017,D036,37
INST011,2017,D037,87
INST011,2017,D038,220
INST011,2017,D039,97
INST011,2017,D040,120
INST011,2017,D041,91
INST011,2017,D042,186
INST011,2017,D043,91
INST011,2017,D044,101
INST011,2017,D045,61
INST011,2017,D046,109
INST011,2017,D047,303
INST011,2017,D048,102
INST011,2017,D049,35
INST011,2017,D050,36
INST011,2018,D001,760
INST011,2018,D002,436
INST011,2018,D003,299
INST011,2018,D004,138
INST011,2018,D005,314
INST011,2018,D006,211
INST011,2018,D007,295
INST011,2018,D008,283
INST011,2018,D009,141
INST011,2018,D010,135
INST011,2018,D011,89
INST011,2018,D012,260
INST011,2018,D013,122
INST011,2018,D014,199
INST011,2018,D015,353
INST011,2018,D016,420
INST011,2018,D017,196
INST011,2018,D018,295
INST011,2018,D019,244
INST011,2018,D020,242
INST011,2018,D021,115
INST011,2018,D022,152
INST011,2018,D023,206
INST011,2018,D024,59
INST011,2018,D025,79
INST011,2018,D026,58
INST011,2018,D027,98
INST011,2018,D028,125
INST011,2018,D029,67
INST011,2018,D030,76
INST011,2018,D031,73
INST011,2018,D032,91
INST011,2018,D033,137
INST011,2018,D034,63
INST011,2018,D035,53
INST011,2018,D036,37
INST011,2018,D037,72
INST011,2018,D038,201
INST011,2018,D039,107
INST011,2018,D040,110
INST011,2018,D041,78
INST011,2018,D042,154
INST011,2018,D043,90
INST011,2018,D044,82
INST011,2018,D045,58
INST011,2018,D046,128
INST011,2018,D047,286
INST011,2018,D048,113
INST011,2018,D049,36
INST011,2018,D050,34
INST011,2019,D001,581
INST011,2019,D002,470
INST011,2019,D003,296
INST011,2019,D004,194
INST011,2019,D005,284
INST011,2019,D006,225
INST011,2019,D007,335
INST011,2019,D008,276
INST011,2019,D009,112
INST011,2019,D010,130
INST011,2019,D011,70
INST011,2019,D012,248
INST011,2019,D013,138
INST011,2019,D014,248
INST011,2019,D015,329
INST011,2019,D016,471
INST011,2019,D017,244
INST011,2019,D018,273
INST011,2019,D019,233
INST011,2019,D020,354
INST011,2019,D021,91
INST011,2019,D022,143
INST011,2019,D023,236
INST011,2019,D024,79
INST011,2019,D025,66
INST011,2019,D026,52
INST011,2019,D027,109
INST011,2019,D028,92
INST011,2019,D029,81
INST011,2019,D030,82
INST011,2019,D031,58
INST011,2019,D032,81
INST011,2019,D033,150
INST011,2019,D034,72
INST011,2019,D035,55
INST011,2019,D036,46
INST011,2019,D037,102
INST011,2019,D038,282
INST011,2019,D039,92
INST011,2019,D040,142
INST011,2019,D041,73
INST011,2019,D042,146
INST011,2019,D043,92
INST011,2019,D044,96
INST011,2019,D045,71
INST011,2019,D046,131
INST011,2019,D047,287
INST011,2019,D048,98
INST011,2019,D049,40
INST011,2019,D050,29
INST011,2020,D001,813
INST011,2020,D002,521
INST011,2020,D003,296
INST011,2020,D004,177
INST011,2020,D005,286
INST011,2020,D006,208
INST011,2020,D007,404
INST011,2020,D008,241
INST011,2020,D009,132
INST011,2020,D010,161
INST011,2020,D011,97
INST011,2020,D012,315
INST011,2020,D013,144
INST011,2020,D014,220
INST011,2020,D015,409
INST011,2020,D016,463
INST011,2020,D017,166
INST011,2020,D018,325
INST011,2020,D019,299
INST011,2020,D020,350
INST011,2020,D021,116
INST011,2020,D022,161
INST011,2020,D023,221
INST011,2020,D024,76
INST011,2020,D025,61
INST011,2020,D026,55
INST011,2020,D027,94
INST011,2020,D028,129
INST011,2020,D029,64
INST011,2020,D030,84
INST011,2020,D031,58
INST011,2020,D032,109
INST011,2020,D033,156
INST011,2020,D034,58
INST011,2020,D035,63
INST011,2020,D036,39
INST011,2020,D037,1599
INST011,2020,D038,216
INST011,2020,D039,85
INST011,2020,D040,139
INST011,2020,D041,73
INST011,2020,D042,151
INST011,2020,D043,95
INST011,2020,D044,119
INST011,2020,D045,72
INST011,2020,D046,157
INST011,2020,D047,288
INST011,2020,D048,105
INST011,2020,D049,33
INST011,2020,D050,39
INST011,2021,D001,864
INST011,2021,D002,566
INST011,2021,D003,340
INST011,2021,D004,208
INST011,2021,D005,335
INST011,2021,D006,270
INST011,2021,D007,414
INST011,2021,D008,315
INST011,2021,D009,158
INST011,2021,D010,162
INST011,2021,D011,82
INST011,2021,D012,306
INST011,2021,D013,148
INST011,2021,D014,273
INST011,2021,D015,396
INST011,2021,D016,357
INST011,2021,D017,181
INST011,2021,D018,310
INST011,2021,D019,324
INST011,2021,D020,369
INST011,2021,D021,100
INST011,2021,D022,141
INST011,2021,D023,231
INST011,2021,D024,68
INST011,2021,D025,61
INST011,2021,D026,50
INST011,2021,D027,110
INST011,2021,D028,139
INST011,2021,D029,83
INST011,2021,D030,89
INST011,2021,D031,83
INST011,2021,D032,110
INST011,2021,D033,164
INST011,2021,D034,61
INST011,2021,D035,58
INST011,2021,D036,48
INST011,2021,D037,1675
INST011,2021,D038,276
INST011,2021,D039,124
INST011,2021,D040,148
INST011,2021,D041,77
INST011,2021,D042,177
INST011,2021,D043,76
INST011,2021,D044,126
INST011,2021,D045,86
INST011,2021,D046,169
INST011,2021,D047,248
INST011,2021,D048,138
INST011,2021,D049,51
INST011,2021,D050,38
INST011,2022,D001,853
INST011,2022,D002,681
INST011,2022,D003,309
INST011,2022,D004,198
INST011,2022,D005,267
INST011,2022,D006,225
INST011,2022,D007,356
INST011,2022,D008,252
INST011,2022,D009,122
INST011,2022,D010,152
INST011,2022,D011,103
INST011,2022,D012,248
INST011,2022,D013,143
INST011,2022,D014,243
INST011,2022,D015,471
INST011,2022,D016,432
INST011,2022,D017,235
INST011,2022,D018,248
INST011,2022,D019,334
INST011,2022,D020,289
INST011,2022,D021,134
INST011,2022,D022,163
INST011,2022,D023,201
INST011,2022,D024,73
INST011,2022,D025,62
INST011,2022,D026,67
INST011,2022,D027,114
INST011,2022,D028,140
INST011,2022,D029,67
INST011,2022,D030,86
INST011,2022,D031,71
INST011,2022,D032,99
INST011,2022,D033,126
INST011,2022,D034,60
INST011,2022,D035,53
INST011,2022,D036,46
INST011,2022,D037,1135
INST011,2022,D038,243
INST011,2022,D039,118
INST011,2022,D040,129
INST011,2022,D041,70
INST011,2022,D042,156
INST011,2022,D043,81
INST011,2022,D044,118
INST011,2022,D045,78
INST011,2022,D046,159
INST011,2022,D047,302
INST011,2022,D048,128
INST011,2022,D049,39
INST011,2022,D050,30
INST011,2023,D001,649
INST011,2023,D002,485
INST011,2023,D003,388
INST011,2023,D004,208
INST011,2023,D005,343
INST011,2023,D006,264
INST011,2023,D007,361
INST011,2023,D008,290
INST011,2023,D009,113
INST011,2023,D010,138
INST011,2023,D011,87
INST011,2023,D012,256
INST011,2023,D013,120
INST011,2023,D014,224
INST011,2023,D015,454
INST011,2023,D016,427
INST011,2023,D017,215
INST011,2023,D018,251
INST011,2023,D019,292
INST011,2023,D020,367
INST011,2023,D021,128
INST011,2023,D022,118
INST011,2023,D023,193
INST011,2023,D024,70
INST011,2023,D025,59
INST011,2023,D026,47
INST011,2023,D027,85
INST011,2023,D028,94
INST011,2023,D029,79
INST011,2023,D030,86
INST011,2023,D031,76
INST011,2023,D032,114
INST011,2023,D033,127
INST011,2023,D034,72
INST011,2023,D035,58
INST011,2023,D036,46
INST011,2023,D037,154
INST011,2023,D038,225
INST011,2023,D039,120
INST011,2023,D040,116
INST011,2023,D041,100
INST011,2023,D042,192
INST011,2023,D043,71
INST011,2023,D044,119
INST011,2023,D045,73
INST011,2023,D046,155
INST011,2023,D047,217
INST011,2023,D048,95
INST011,2023,D049,37
INST011,2023,D050,28
INST011,2024,D001,781
INST011,2024,D002,548
INST011,2024,D003,415
INST011,2024,D004,211
INST011,2024,D005,247
INST011,2024,D006,217
INST011,2024,D007,391
INST011,2024,D008,272
INST011,2024,D009,143
INST011,2024,D010,180
INST011,2024,D011,99
INST011,2024,D012,245
INST011,2024,D013,108
INST011,2024,D014,281
INST011,2024,D015,346
INST011,2024,D016,375
INST011,2024,D017,217
INST011,2024,D018,262
INST011,2024,D019,350
INST011,2024,D020,336
INST011,2024,D021,119
INST011,2024,D022,171
INST011,2024,D023,218
INST011,2024,D024,74
INST011,2024,D025,69
INST011,2024,D026,47
INST011,2024,D027,119
INST011,2024,D028,123
INST011,2024,D029,83
INST011,2024,D030,64
INST011,2024,D031,77
INST011,2024,D032,108
INST011,2024,D033,138
INST011,2024,D034,67
INST011,2024,D035,68
INST011,2024,D036,49
INST011,2024,D037,152
INST011,2024,D038,210
INST011,2024,D039,122
INST011,2024,D040,138
INST011,2024,D041,85
INST011,2024,D042,213
INST011,2024,D043,89
INST011,2024,D044,86
INST011,2024,D045,85
INST011,2024,D046,153
INST011,2024,D047,323
INST011,2024,D048,107
INST011,2024,D049,47
INST011,2024,D050,39
INST011,2025,D001,829
INST011,2025,D002,556
INST011,2025,D003,317
INST011,2025,D004,213
INST011,2025,D005,314
INST011,2025,D006,212
INST011,2025,D007,334
INST011,2025,D008,362
INST011,2025,D009,153
INST011,2025,D010,170
INST011,2025,D011,84
INST011,2025,D012,382
INST011,2025,D013,166
INST011,2025,D014,229
INST011,2025,D015,506
INST011,2025,D016,418
INST011,2025,D017,269
INST011,2025,D018,295
INST011,2025,D019,373
INST011,2025,D020,385
INST011,2025,D021,109
INST011,2025,D022,160
INST011,2025,D023,235
INST011,2025,D024,90
INST011,2025,D025,74
INST011,2025,D026,69
INST011,2025,D027,103
INST011,2025,D028,137
INST011,2025,D029,91
INST011,2025,D030,89
INST011,2025,D031,80
INST011,2025,D032,130
INST011,2025,D033,159
INST011,2025,D034,74
INST011,2025,D035,62
INST011,2025,D036,53
INST011,2025,D037,222
INST011,2025,D038,295
INST011,2025,D039,117
INST011,2025,D040,140
INST011,2025,D041,79
INST011,2025,D042,188
INST011,2025,D043,95
INST011,2025,D044,107
INST011,2025,D045,86
INST011,2025,D046,139
INST011,2025,D047,306
INST011,2025,D048,135
INST011,2025,D049,48
INST011,2025,D050,36
INST011,2026,D001,883
INST011,2026,D002,587
INST011,2026,D003,313
INST011,2026,D004,161
INST011,2026,D005,370
INST011,2026,D006,276
INST011,2026,D007,383
INST011,2026,D008,265
INST011,2026,D009,124
INST011,2026,D010,138
INST011,2026,D011,74
INST011,2026,D012,256
INST011,2026,D013,132
INST011,2026,D014,216
INST011,2026,D015,444
INST011,2026,D016,468
INST011,2026,D017,205
INST011,2026,D018,274
INST011,2026,D019,265
INST011,2026,D020,342
INST011,2026,D021,102
INST011,2026,D022,161
INST011,2026,D023,198
INST011,2026,D024,66
INST011,2026,D025,72
INST011,2026,D026,50
INST011,2026,D027,131
INST011,2026,D028,111
INST011,2026,D029,78
INST011,2026,D030,82
INST011,2026,D031,81
INST011,2026,D032,111
INST011,2026,D033,137
INST011,2026,D034,81
INST011,2026,D035,69
INST011,2026,D036,39
INST011,2026,D037,162
INST011,2026,D038,292
INST011,2026,D039,118
INST011,2026,D040,157
INST011,2026,D041,76
INST011,2026,D042,192
INST011,2026,D043,73
INST011,2026,D044,96
INST011,2026,D045,65
INST011,2026,D046,150
INST011,2026,D047,310
INST011,2026,D048,139
INST011,2026,D049,54
INST011,2026,D050,39
INST012,2015,D001,743
INST012,2015,D002,460
INST012,2015,D003,320
INST012,2015,D004,168
INST012,2015,D005,251
INST012,2015,D006,184
INST012,2015,D007,265
INST012,2015,D008,191
INST012,2015,D009,105
INST012,2015,D010,110
INST012,2015,D011,89
INST012,2015,D012,286
INST012,2015,D013,99
INST012,2015,D014,225
INST012,2015,D015,364
INST012,2015,D016,365
INST012,2015,D017,197
INST012,2015,D018,279
INST012,2015,D019,230
INST012,2015,D020,258
INST012,2015,D021,98
INST012,2015,D022,123
INST012,2015,D023,151
INST012,2015,D024,54
INST012,2015,D025,53
INST012,2015,D026,54
INST012,2015,D027,111
INST012,2015,D028,98
INST012,2015,D029,71
INST012,2015,D030,71
INST012,2015,D031,55
INST012,2015,D032,89
INST012,2015,D033,141
INST012,2015,D034,46
INST012,2015,D035,40
INST012,2015,D036,39
INST012,2015,D037,85
INST012,2015,D038,260
INST012,2015,D039,106
INST012,2015,D040,123
INST012,2015,D041,77
INST012,2015,D042,159
INST012,2015,D043,68
INST012,2015,D044,93
INST012,2015,D045,62
INST012,2015,D046,129
INST012,2015,D047,248
INST012,2015,D048,107
INST012,2015,D049,42
INST012,2015,D050,31
INST012,2016,D001,645
INST012,2016,D002,481
INST012,2016,D003,283
INST012,2016,D004,131
INST012,2016,D005,309
INST012,2016,D006,197
INST012,2016,D007,315
INST012,2016,D008,241
INST012,2016,D009,149
INST012,2016,D010,131
INST012,2016,D011,82
INST012,2016,D012,206
INST012,2016,D013,105
INST012,2016,D014,190
INST012,2016,D015,328
INST012,2016,D016,341
INST012,2016,D017,169
INST012,2016,D018,296
INST012,2016,D019,250
INST012,2016,D020,298
INST012,2016,D021,116
INST012,2016,D022,135
INST012,2016,D023,163
INST012,2016,D024,58
INST012,2016,D025,69
INST012,2016,D026,60
INST012,2016,D027,108
INST012,2016,D028,109
INST012,2016,D029,69
INST012,2016,D030,78
INST012,2016,D031,71
INST012,2016,D032,101
INST012,2016,D033,133
INST012,2016,D034,52
INST012,2016,D035,56
INST012,2016,D036,40
INST012,2016,D037,68
INST012,2016,D038,196
INST012,2016,D039,99
INST012,2016,D040,96
INST012,2016,D041,73
INST012,2016,D042,190
INST012,2016,D043,70
INST012,2016,D044,84
INST012,2016,D045,52
INST012,2016,D046,102
INST012,2016,D047,279
INST012,2016,D048,96
INST012,2016,D049,33
INST012,2016,D050,36
INST012,2017,D001,531
INST012,2017,D002,421
INST012,2017,D003,305
INST012,2017,D004,171
INST012,2017,D005,233
INST012,2017,D006,186
INST012,2017,D007,295
INST012,2017,D008,232
INST012,2017,D009,123
INST012,2017,D010,117
INST012,2017,D011,90
INST012,2017,D012,237
INST012,2017,D013,101
INST012,2017,D014,239
INST012,2017,D015,362
INST012,2017,D016,419
INST012,2017,D017,212
INST012,2017,D018,306
INST012,2017,D019,267
INST012,2017,D020,289
INST012,2017,D021,118
INST012,2017,D022,110
INST012,2017,D023,165
INST012,2017,D024,68
INST012,2017,D025,72
INST012,2017,D026,61
INST012,2017,D027,110
INST012,2017,D028,85
INST012,2017,D029,55
INST012,2017,D030,75
INST012,2017,D031,75
INST012,2017,D032,106
INST012,2017,D033,112
INST012,2017,D034,53
INST012,2017,D035,51
INST012,2017,D036,39
INST012,2017,D037,90
INST012,2017,D038,192
INST012,2017,D039,103
INST012,2017,D040,109
INST012,2017,D041,67
INST012,2017,D042,186
INST012,2017,D043,76
INST012,2017,D044,94
INST012,2017,D045,72
INST012,2017,D046,117
INST012,2017,D047,279
INST012,2017,D048,98
INST012,2017,D049,39
INST012,2017,D050,27
INST012,2018,D001,718
INST012,2018,D002,480
INST012,2018,D003,333
INST012,2018,D004,140
INST012,2018,D005,301
INST012,2018,D006,202
INST012,2018,D007,290
INST012,2018,D008,277
INST012,2018,D009,125
INST012,2018,D010,138
INST012,2018,D011,76
INST012,2018,D012,297
INST012,2018,D013,131
INST012,2018,D014,209
INST012,2018,D015,291
INST012,2018,D016,335
INST012,2018,D017,157
INST012,2018,D018,292
INST012,2018,D019,322
INST012,2018,D020,244
INST012,2018,D021,96
INST012,2018,D022,155
INST012,2018,D023,169
INST012,2018,D024,53
INST012,2018,D025,71
INST012,2018,D026,55
INST012,2018,D027,103
INST012,2018,D028,121
INST012,2018,D029,53
INST012,2018,D030,75
INST012,2018,D031,70
INST012,2018,D032,97
INST012,2018,D033,131
INST012,2018,D034,53
INST012,2018,D035,50
INST012,2018,D036,41
INST012,2018,D037,83
INST012,2018,D038,210
INST012,2018,D039,107
INST012,2018,D040,136
INST012,2018,D041,62
INST012,2018,D042,148
INST012,2018,D043,79
INST012,2018,D044,114
INST012,2018,D045,70
INST012,2018,D046,127
INST012,2018,D047,218
INST012,2018,D048,106
INST012,2018,D049,43
INST012,2018,D050,34
INST012,2019,D001,779
INST012,2019,D002,585
INST012,2019,D003,311
INST012,2019,D004,148
INST012,2019,D005,260
INST012,2019,D006,175
INST012,2019,D007,315
INST012,2019,D008,279
INST012,2019,D009,147
INST012,2019,D010,126
INST012,2019,D011,96
INST012,2019,D012,246
INST012,2019,D013,101
INST012,2019,D014,234
INST012,2019,D015,374
INST012,2019,D016,446
INST012,2019,D017,174
INST012,2019,D018,218
INST012,2019,D019,317
INST012,2019,D020,314
INST012,2019,D021,96
INST012,2019,D022,149
INST012,2019,D023,220
INST012,2019,D024,80
INST012,2019,D025,56
INST012,2019,D026,44
INST012,2019,D027,96
INST012,2019,D028,113
INST012,2019,D029,63
INST012,2019,D030,60
INST012,2019,D031,71
INST012,2019,D032,80
INST012,2019,D033,124
INST012,2019,D034,66
INST012,2019,D035,52
INST012,2019,D036,48
INST012,2019,D037,95
INST012,2019,D038,282
INST012,2019,D039,103
INST012,2019,D040,140
INST012,2019,D041,85
INST012,2019,D042,170
INST012,2019,D043,84
INST012,2019,D044,95
INST012,2019,D045,61
INST012,2019,D046,150
INST012,2019,D047,278
INST012,2019,D048,115
INST012,2019,D049,43
INST012,2019,D050,34
INST012,2020,D001,617
INST012,2020,D002,534
INST012,2020,D003,359
INST012,2020,D004,156
INST012,2020,D005,233
INST012,2020,D006,230
INST012,2020,D007,375
INST012,2020,D008,209
INST012,2020,D009,109
INST012,2020,D010,168
INST012,2020,D011,78
INST012,2020,D012,259
INST012,2020,D013,113
INST012,2020,D014,227
INST012,2020,D015,377
INST012,2020,D016,401
INST012,2020,D017,190
INST012,2020,D018,240
INST012,2020,D019,278
INST012,2020,D020,289
INST012,2020,D021,103
INST012,2020,D022,155
INST012,2020,D023,198
INST012,2020,D024,78
INST012,2020,D025,74
INST012,2020,D026,45
INST012,2020,D027,84
INST012,2020,D028,115
INST012,2020,D029,56
INST012,2020,D030,78
INST012,2020,D031,75
INST012,2020,D032,78
INST012,2020,D033,117
INST012,2020,D034,59
INST012,2020,D035,58
INST012,2020,D036,46
INST012,2020,D037,1232
INST012,2020,D038,274
INST012,2020,D039,103
INST012,2020,D040,115
INST012,2020,D041,67
INST012,2020,D042,170
INST012,2020,D043,64
INST012,2020,D044,85
INST012,2020,D045,62
INST012,2020,D046,158
INST012,2020,D047,232
INST012,2020,D048,105
INST012,2020,D049,44
INST012,2020,D050,28
INST012,2021,D001,567
INST012,2021,D002,625
INST012,2021,D003,384
INST012,2021,D004,153
INST012,2021,D005,328
INST012,2021,D006,220
INST012,2021,D007,294
INST012,2021,D008,247
INST012,2021,D009,159
INST012,2021,D010,147
INST012,2021,D011,85
INST012,2021,D012,284
INST012,2021,D013,144
INST012,2021,D014,262
INST012,2021,D015,377
INST012,2021,D016,452
INST012,2021,D017,216
INST012,2021,D018,306
INST012,2021,D019,291
INST012,2021,D020,306
INST012,2021,D021,108
INST012,2021,D022,135
INST012,2021,D023,238
INST012,2021,D024,64
INST012,2021,D025,77
INST012,2021,D026,59
INST012,2021,D027,100
INST012,2021,D028,99
INST012,2021,D029,66
INST012,2021,D030,77
INST012,2021,D031,81
INST012,2021,D032,112
INST012,2021,D033,151
INST012,2021,D034,65
INST012,2021,D035,63
INST012,2021,D036,45
INST012,2021,D037,1796
INST012,2021,D038,271
INST012,2021,D039,112
INST012,2021,D040,127
INST012,2021,D041,70
INST012,2021,D042,177
INST012,2021,D043,72
INST012,2021,D044,108
INST012,2021,D045,71
INST012,2021,D046,113
INST012,2021,D047,270
INST012,2021,D048,97
INST012,2021,D049,41
INST012,2021,D050,40
INST012,2022,D001,785
INST012,2022,D002,455
INST012,2022,D003,259
INST012,2022,D004,186
INST012,2022,D005,252
INST012,2022,D006,231
INST012,2022,D007,386
INST012,2022,D008,248
INST012,2022,D009,150
INST012,2022,D010,153
INST012,2022,D011,77
INST012,2022,D012,218
INST012,2022,D013,137
INST012,2022,D014,184
INST012,2022,D015,358
INST012,2022,D016,387
INST012,2022,D017,229
INST012,2022,D018,248
INST012,2022,D019,253
INST012,2022,D020,254
INST012,2022,D021,89
INST012,2022,D022,116
INST012,2022,D023,172
INST012,2022,D024,60
INST012,2022,D025,55
INST012,2022,D026,49
INST012,2022,D027,96
INST012,2022,D028,92
INST012,2022,D029,69
INST012,2022,D030,68
INST012,2022,D031,54
INST012,2022,D032,77
INST012,2022,D033,127
INST012,2022,D034,55
INST012,2022,D035,51
INST012,2022,D036,37
INST012,2022,D037,845
INST012,2022,D038,264
INST012,2022,D039,85
INST012,2022,D040,106
INST012,2022,D041,88
INST012,2022,D042,173
INST012,2022,D043,80
INST012,2022,D044,110
INST012,2022,D045,63
INST012,2022,D046,113
INST012,2022,D047,209
INST012,2022,D048,105
INST012,2022,D049,38
INST012,2022,D050,33
INST012,2023,D001,625
INST012,2023,D002,630
INST012,2023,D003,304
INST012,2023,D004,207
INST012,2023,D005,314
INST012,2023,D006,201
INST012,2023,D007,357
INST012,2023,D008,296
INST012,2023,D009,129
INST012,2023,D010,148
INST012,2023,D011,70
INST012,2023,D012,295
INST012,2023,D013,111
INST012,2023,D014,282
INST012,2023,D015,365
INST012,2023,D016,501
INST012,2023,D017,233
INST012,2023,D018,284
INST012,2023,D019,284
INST012,2023,D020,366
INST012,2023,D021,109
INST012,2023,D022,112
INST012,2023,D023,206
INST012,2023,D024,79
INST012,2023,D025,64
INST012,2023,D026,66
INST012,2023,D027,84
INST012,2023,D028,131
INST012,2023,D029,69
INST012,2023,D030,80
INST012,2023,D031,79
INST012,2023,D032,93
INST012,2023,D033,131
INST012,2023,D034,66
INST012,2023,D035,57
INST012,2023,D036,42
INST012,2023,D037,140
INST012,2023,D038,268
INST012,2023,D039,107
INST012,2023,D040,115
INST012,2023,D041,80
INST012,2023,D042,148
INST012,2023,D043,71
INST012,2023,D044,107
INST012,2023,D045,63
INST012,2023,D046,136
INST012,2023,D047,277
INST012,2023,D048,132
INST012,2023,D049,38
INST012,2023,D050,37
INST012,2024,D001,635
INST012,2024,D002,603
INST012,2024,D003,331
INST012,2024,D004,157
INST012,2024,D005,352
INST012,2024,D006,210
INST012,2024,D007,345
INST012,2024,D008,277
INST012,2024,D009,113
INST012,2024,D010,166
INST012,2024,D011,89
INST012,2024,D012,225
INST012,2024,D013,125
INST012,2024,D014,277
INST012,2024,D015,413
INST012,2024,D016,407
INST012,2024,D017,244
INST012,2024,D018,304
INST012,2024,D019,326
INST012,2024,D020,321
INST012,2024,D021,125
INST012,2024,D022,148
INST012,2024,D023,175
INST012,2024,D024,57
INST012,2024,D025,79
INST012,2024,D026,60
INST012,2024,D027,112
INST012,2024,D028,105
INST012,2024,D029,79
INST012,2024,D030,87
INST012,2024,D031,66
INST012,2024,D032,85
INST012,2024,D033,155
INST012,2024,D034,68
INST012,2024,D035,45
INST012,2024,D036,41
INST012,2024,D037,202
INST012,2024,D038,240
INST012,2024,D039,93
INST012,2024,D040,102
INST012,2024,D041,76
INST012,2024,D042,205
INST012,2024,D043,79
INST012,2024,D044,88
INST012,2024,D045,73
INST012,2024,D046,129
INST012,2024,D047,290
INST012,2024,D048,100
INST012,2024,D049,42
INST012,2024,D050,33
INST012,2025,D001,819
INST012,2025,D002,595
INST012,2025,D003,299
INST012,2025,D004,154
INST012,2025,D005,334
INST012,2025,D006,216
INST012,2025,D007,404
INST012,2025,D008,275
INST012,2025,D009,140
INST012,2025,D010,158
INST012,2025,D011,90
INST012,2025,D012,289
INST012,2025,D013,136
INST012,2025,D014,245
INST012,2025,D015,320
INST012,2025,D016,360
INST012,2025,D017,174
INST012,2025,D018,254
INST012,2025,D019,304
INST012,2025,D020,282
INST012,2025,D021,113
INST012,2025,D022,156
INST012,2025,D023,185
INST012,2025,D024,75
INST012,2025,D025,84
INST012,2025,D026,60
INST012,2025,D027,107
INST012,2025,D028,101
INST012,2025,D029,72
INST012,2025,D030,76
INST012,2025,D031,82
INST012,2025,D032,104
INST012,2025,D033,166
INST012,2025,D034,52
INST012,2025,D035,66
INST012,2025,D036,41
INST012,2025,D037,206
INST012,2025,D038,224
INST012,2025,D039,113
INST012,2025,D040,125
INST012,2025,D041,79
INST012,2025,D042,194
INST012,2025,D043,97
INST012,2025,D044,94
INST012,2025,D045,64
INST012,2025,D046,136
INST012,2025,D047,262
INST012,2025,D048,90
INST012,2025,D049,37
INST012,2025,D050,29
INST012,2026,D001,605
INST012,2026,D002,638
INST012,2026,D003,427
INST012,2026,D004,181
INST012,2026,D005,260
INST012,2026,D006,215
INST012,2026,D007,323
INST012,2026,D008,262
INST012,2026,D009,156
INST012,2026,D010,137
INST012,2026,D011,88
INST012,2026,D012,335
INST012,2026,D013,139
INST012,2026,D014,266
INST012,2026,D015,383
INST012,2026,D016,403
INST012,2026,D017,188
INST012,2026,D018,267
INST012,2026,D019,293
INST012,2026,D020,276
INST012,2026,D021,111
INST012,2026,D022,166
INST012,2026,D023,263
INST012,2026,D024,82
INST012,2026,D025,78
INST012,2026,D026,66
INST012,2026,D027,117
INST012,2026,D028,123
INST012,2026,D029,62
INST012,2026,D030,67
INST012,2026,D031,60
INST012,2026,D032,96
INST012,2026,D033,170
INST012,2026,D034,55
INST012,2026,D035,50
INST012,2026,D036,52
INST012,2026,D037,178
INST012,2026,D038,240
INST012,2026,D039,117
INST012,2026,D040,111
INST012,2026,D041,96
INST012,2026,D042,191
INST012,2026,D043,82
INST012,2026,D044,106
INST012,2026,D045,62
INST012,2026,D046,164
INST012,2026,D047,253
INST012,2026,D048,124
INST012,2026,D049,47
INST012,2026,D050,30
